date,id,user.username,user.displayname,place,user.location,content,likeCount,retweetCount,viewCount,hashtags,media,sourceLabel
2023-03-30 19:03:22+00:00,1641516482696716316,HeoseongI,허성인,,,"╭───── ( #스틸녹스판매 )
🃏 #정품스틸녹스판매🃏 
🃏 🍥
🃏 #정품스틸녹스구입방법🃏 
🎨 🎨 🎸★텔레:apam15★🛠️🔭

🚀★카톡:han-me★🏍️. .
환각효과는 엘에스디(LSD), 엑스터시, 대마 등에서 강하게 나타난다.

┆            ✿
✿",0,0,12.0,"['스틸녹스판매', '정품스틸녹스판매', '정품스틸녹스구입방법']",,Botbird tweets
2023-03-30 18:13:30+00:00,1641503934744256520,wlsdud849,ㅇ,,,"⤷ 𝄢펜토바르비탈𝄢
🎸텔레:wame658🛠️라인:popu12🔭
🚀카톡:kodak8🏍️
♐︎♐#러쉬파퍼구입하는곳✧✧

환각효과는 엘에스디, 엑스터시, 대마 등에서 강하게 나타난다.
▞#엑스터시구입방법▚
🎢 🎢 🎢",0,0,94.0,"['러쉬파퍼구입하는곳', '엑스터시구입방법']",,Botbird tweets
2023-03-30 16:18:21+00:00,1641474957531045889,Z4BdlVx1xun8MWD,♡빠찡꼬레♡,,,"°へ°🏹     #스틸녹스판매     🎯
🎨 🎨 🎸★텔레:apam15★🛠️🔭

🚀★카톡:han-me★🏍️. .
📎클로로포름📎 
📎 
📎 #정품스틸녹스판매📎 
📎 #정품스틸녹스구입방법📎 
📎 
환각효과는 엘에스디(LSD), 엑스터시, 대마 등에서 강하게 나타난다.",0,0,12.0,"['스틸녹스판매', '정품스틸녹스판매', '정품스틸녹스구입방법']",,Botbird tweets
2023-03-30 14:18:22+00:00,1641444762648731648,Z4BdlVx1xun8MWD,♡빠찡꼬레♡,,,"✎＿＿＿＿＿＿

°へ°🏹     #스틸녹스판매     🎯
🎨 🎨 🎸★텔레:apam15★🛠️🔭

🚀★카톡:han-me★🏍️. .
📎클로로포름📎 
📎 
📎 #정품스틸녹스판매📎 
📎 #정품스틸녹스구입방법📎 
📎 
환각효과는 엘에스디(LSD), 엑스터시, 대마 등에서 강하게 나타난다.",0,0,14.0,"['스틸녹스판매', '정품스틸녹스판매', '정품스틸녹스구입방법']",,Botbird tweets
2023-03-30 13:14:55+00:00,1641428796032311296,principiel,エル†엘에스디,,,다채로운 내 모니터.... 안켜져서 꺼버림ㅜㅠ 일단 내일ㅜㅜㅠ https://t.co/u8wjY1F3N9,0,0,15.0,,"[Photo(previewUrl='https://pbs.twimg.com/media/FseGxRvagAA76nF?format=jpg&name=small', fullUrl='https://pbs.twimg.com/media/FseGxRvagAA76nF?format=jpg&name=orig', altText=None), Photo(previewUrl='https://pbs.twimg.com/media/FseGyA6akAAtGc-?format=jpg&name=small', fullUrl='https://pbs.twimg.com/media/FseGyA6akAAtGc-?format=jpg&name=orig', altText=None)]",Twitter for Android
2023-03-30 12:41:41+00:00,1641420429683486722,principiel,エル†엘에스디,,,컴이 갑자기또 왜이러나ㅠㅜㅜㅠㅠ 화면 허얘지고ㅜㅜㅠ 켜졌다싶더니 또 다채롭다가 까매지고ㅠㅜㅜㅠㅜㅜ,0,0,17.0,,,Twitter for Android
2023-03-30 10:58:15+00:00,1641394402223443969,honeyGuns2716,김동인,,,"🍰 ⚡ 🍰 ⚡ 🍰 ⚡
🎸텔레:wame658🛠️라인:popu12🔭
🚀카톡:kodak8🏍️
환각효과는 엘에스디(LSD), 엑스터시, 대마 등에서 강하게 나타난다.

彡💭☽(•́ε•̀;ก)💦🍶⋆¸🦢🩹
💦#정품스틸녹스구입방법💦
「#환각제」「플루니트라제팜」
💦#강력수면제구입⎝㋡⎠
🍰 ⚡ 🍰 ⚡ 🍰 ⚡",0,0,24.0,"['정품스틸녹스구입방법', '환각제', '강력수면제구입']",,Botbird tweets
2023-03-30 09:59:13+00:00,1641379546774790144,jhdmcfhntg876,khewgtiy,,,"♡ 오방약국 텔레그램 &gt; p i n k m a n 1 1 4 &lt; 
  
정글주스  
전남도리도리  
러쉬  
s케타민구입하는방법  
전북몰리  
하우스파티  
#엘에스디 https://t.co/R7qmNkGeQn",0,0,1149.0,['엘에스디'],"[Photo(previewUrl='https://pbs.twimg.com/media/FsdZ8pOaEAEHK72?format=jpg&name=small', fullUrl='https://pbs.twimg.com/media/FsdZ8pOaEAEHK72?format=jpg&name=orig', altText=None)]",Twitter Web App
2023-03-30 09:37:56+00:00,1641374189625147392,jhdmcfhntg876,khewgtiy,,,"☎ 오방약국 텔레그램 &gt; p i n k m a n 1 1 4 &lt; 
  
대전엘에스디  
수면보조제  
전남신속배송  
헤로인  
경상도수면보조제  
강동엘에스디  
#강남얼음술 https://t.co/JjsJo7QdAT",0,0,77.0,['강남얼음술'],"[Photo(previewUrl='https://pbs.twimg.com/media/FsdVG3lacAA97vz?format=jpg&name=small', fullUrl='https://pbs.twimg.com/media/FsdVG3lacAA97vz?format=jpg&name=orig', altText=None)]",Twitter Web App
2023-03-30 08:38:24+00:00,1641359206866649091,teamofbeau,team of beau,,,"♥ 오방약국 텔레그램 &gt; p i n k m a n 1 1 4 &lt; 
  
안전좌표  
허브  
광주액상떨  
전국해시시  
합성떨  
부산엘에스디  
#액상대마사는방법 https://t.co/TqHCFo0ZlL",0,0,89.0,['액상대마사는방법'],"[Photo(previewUrl='https://pbs.twimg.com/media/FsdHeU2aQAEQesl?format=png&name=small', fullUrl='https://pbs.twimg.com/media/FsdHeU2aQAEQesl?format=png&name=orig', altText=None)]",Twitter Web App
2023-03-29 19:24:34+00:00,1641159430078357505,igyems,🌈 믓믓,,Edmonton,"오 검색하니 다 나오는 세상…!!! 
액스터시 엘에스디 디엠티 2ce 대마
액스터시 간이시약 뭐썻긱레 얘 안나옴?
엘에스디~ 응 못잡아
디엠티~ 아니 이걸 어케잡을건데
2ce 얘 진짜 비교적 안전한거만 골라했네
대마 이건 평소에 안 피웠으면 한번한거로는…",1,0,736.0,,,Twitter for iPhone
2023-03-29 19:23:06+00:00,1641159061986238464,cians123,케미컬경기도엘에스디 경상도졸피뎀 액브판매합니다(작대기아이스),,,"★ ㅌㄹㄱㄹ 24시상담 &gt;&gt; p i n k m a n 1 1 4 &lt;&lt; 
  
허브액상  
콕효과  
전국드러그  
아이스판매합니다  
빙두  
대전마취제  
  
#밀크케이 https://t.co/fVfw970hep",0,0,42.0,['밀크케이'],"[Photo(previewUrl='https://pbs.twimg.com/media/FsaRbhzaAAAITDS?format=jpg&name=small', fullUrl='https://pbs.twimg.com/media/FsaRbhzaAAAITDS?format=jpg&name=orig', altText=None)]",Twitter Web App
2023-03-29 19:15:14+00:00,1641157083973423104,mixedtapeshawn,경남케타민밀크 에더블 스페셜케타민구매처(엘에스디),,,"☆ ㅌㄹㄱㄹ 24시상담 &gt;&gt; p i n k m a n 1 1 4 &lt;&lt; 
  
러쉬  
케이도매  
강동삥두  
북한산빙두구입  
수원밀크케이  
Molly  
  
#최음제 https://t.co/tf8Sz17J6s",0,0,60.0,['최음제'],"[Photo(previewUrl='https://pbs.twimg.com/media/FsaPnOOakAAO37U?format=jpg&name=small', fullUrl='https://pbs.twimg.com/media/FsaPnOOakAAO37U?format=jpg&name=orig', altText=None)]",Twitter Web App
2023-03-29 18:23:24+00:00,1641144037238521856,agel2809,좌표딜러모삥두 성남엑스터시 대마(작대기술사는곳),,,"○ ㅌㄹㄱㄹ 24시상담 &gt;&gt; p i n k m a n 1 1 4 &lt;&lt; 
  
엘에스디  
경기도드랍퍼  
충북뽕  
인천보안딜러  
경상도케이밀크  
창원물뽕  
  
#아이스구입방법 https://t.co/HBtgUm1QHE",0,0,57.0,['아이스구입방법'],"[Photo(previewUrl='https://pbs.twimg.com/media/FsaDx3MaUAA9KGW?format=jpg&name=small', fullUrl='https://pbs.twimg.com/media/FsaDx3MaUAA9KGW?format=jpg&name=orig', altText=None)]",Twitter Web App
2023-03-29 17:50:14+00:00,1641135690871341056,sjhseojoo1587,강남엘에스디 부산뽕아이스 케이(전국하선구함),,,"♠ ㅌㄹㄱㄹ 24시상담 &gt;&gt; p i n k m a n 1 1 4 &lt;&lt; 
  
환각버섯  
대구우유주사  
충북떨액  
클럽파티  
전남엑시터시  
엑스터시  
  
#부산드랍퍼 https://t.co/BfnmMsFLRg",0,0,56.0,['부산드랍퍼'],"[Photo(previewUrl='https://pbs.twimg.com/media/FsZ8LuaaAAAeQXV?format=jpg&name=small', fullUrl='https://pbs.twimg.com/media/FsZ8LuaaAAAeQXV?format=jpg&name=orig', altText=None)]",Twitter Web App
2023-03-29 17:24:18+00:00,1641129166266564608,vivi_lame,고퀄아이엑스터시판매 최음제 인증딜러(작대기),,,"♥ ㅌㄹㄱㄹ 24시상담 &gt;&gt; p i n k m a n 1 1 4 &lt;&lt; 
  
대구보안딜러  
수원GHB  
엘에스디  
액상허브  
대마가격  
강동고기  
  
#히로뽕구입 https://t.co/VFAaSVjinZ",0,0,65.0,['히로뽕구입'],"[Photo(previewUrl='https://pbs.twimg.com/media/FsZ2QHTagAEfmcj?format=png&name=small', fullUrl='https://pbs.twimg.com/media/FsZ2QHTagAEfmcj?format=png&name=orig', altText=None)]",Twitter Web App
2023-03-29 17:00:29+00:00,1641123173218529280,kloningx186,엑시터시 북한산술 대구작대기술(모르핀),,,"◈ ㅌㄹㄱㄹ 24시상담 &gt;&gt; p i n k m a n 1 1 4 &lt;&lt; 
  
액떨  
액상떨  
YABA  
엘에스디하는법  
용인디스펜서리  
진통제  
  
#포도허브 https://t.co/PQ0clPvr95",0,0,51.0,['포도허브'],"[Photo(previewUrl='https://pbs.twimg.com/media/FsZwybVaYAAqxwx?format=jpg&name=small', fullUrl='https://pbs.twimg.com/media/FsZwybVaYAAqxwx?format=jpg&name=orig', altText=None)]",Twitter Web App
2023-03-29 15:45:02+00:00,1641104186267009024,paapaankomah,정글주스 북한산아이스팔아요 경남드랍퍼모집(매직머쉬룸),,,"▷ ㅌㄹㄱㄹ 24시상담 &gt;&gt; p i n k m a n 1 1 4 &lt;&lt; 
  
전북몰리  
s케타민  
전남대마액상  
클럽약  
충청도엘에스디  
케타민밀크  
  
#랏슈상선  
v",0,0,24.0,['랏슈상선'],,Twitter Web App
2023-03-29 15:34:44+00:00,1641101590659747840,lessmith86,경기드러그도매 성남버드 s케타민(엘에스디),,,"○ ㅌㄹㄱㄹ 24시상담 &gt;&gt; p i n k m a n 1 1 4 &lt;&lt; 
  
인천작대기  
액브  
엘에스디  
샘플  
강동케미컬약  
울산대마액상  
  
#YABA https://t.co/g3lOIoGxh1",0,0,67.0,['YABA'],"[Photo(previewUrl='https://pbs.twimg.com/media/FsZdJ-sagAA4sXe?format=jpg&name=small', fullUrl='https://pbs.twimg.com/media/FsZdJ-sagAA4sXe?format=jpg&name=orig', altText=None)]",Twitter Web App
2023-03-29 15:29:44+00:00,1641100332771180550,cians123,케미컬경기도엘에스디 경상도졸피뎀 액브판매합니다(작대기아이스),,,"♥ ㅌㄹㄱㄹ 24시상담 &gt;&gt; p i n k m a n 1 1 4 &lt;&lt; 
  
환각버섯  
케이캔디사는방법  
코카인  
경상도각성제  
아이스뽕  
스틸녹스파는곳  
  
#합성떨 https://t.co/Y03aodTTWp",0,0,89.0,['합성떨'],"[Photo(previewUrl='https://pbs.twimg.com/media/FsZcCSLaYAAjg29?format=jpg&name=small', fullUrl='https://pbs.twimg.com/media/FsZcCSLaYAAjg29?format=jpg&name=orig', altText=None)]",Twitter Web App
2023-03-29 15:21:26+00:00,1641098247304531968,mixedtapeshawn,경남케타민밀크 에더블 스페셜케타민구매처(엘에스디),,,"☆ ㅌㄹㄱㄹ 24시상담 &gt;&gt; p i n k m a n 1 1 4 &lt;&lt; 
  
진통제  
딜러  
Molly구하는곳  
전남전문딜러  
진통제후기  
옥시코돈구입  
  
#수원합성대마 https://t.co/Kl312I7zOF",0,0,19.0,['수원합성대마'],"[Photo(previewUrl='https://pbs.twimg.com/media/FsZaH1qaIAARzh3?format=jpg&name=small', fullUrl='https://pbs.twimg.com/media/FsZaH1qaIAARzh3?format=jpg&name=orig', altText=None)]",Twitter Web App
2023-03-29 14:52:37+00:00,1641090994333704198,alimemon3224,경몰리구입하는방법 조인트 케이밀크구입(작대기아이스),,,"☏ ㅌㄹㄱㄹ 24시상담 &gt;&gt; p i n k m a n 1 1 4 &lt;&lt; 
  
작대기술구입  
전라도히로뽕  
광주실시간좌표  
강북액상대마  
경북옥시코돈  
창원엘에스디  
  
#아이스뽕 https://t.co/hdAEde903q",0,0,1230.0,['아이스뽕'],"[Photo(previewUrl='https://pbs.twimg.com/media/FsZTiMLaQAISi3e?format=jpg&name=small', fullUrl='https://pbs.twimg.com/media/FsZTiMLaQAISi3e?format=jpg&name=orig', altText=None)]",Twitter Web App
2023-03-29 14:07:09+00:00,1641079551991365638,Ardis_waddell,강북액브 서울히로뽕 드러그효과 사끼(합성대마도매),,,"♠ ㅌㄹㄱㄹ 24시상담 &gt;&gt; p i n k m a n 1 1 4 &lt;&lt; 
  
코데인  
스페셜케타민  
수면제  
원석케타민  
캔디구매하는법  
경기도엘에스디  
  
#머쉬룸  
v",0,0,22.0,['머쉬룸'],,Twitter Web App
2023-03-29 13:04:09+00:00,1641063698981871621,kandoriyajiya,충청도마정글주스구매처 마약왕 인천랏슈(광주하선구함),,,"▷ ㅌㄹㄱㄹ 24시상담 &gt;&gt; p i n k m a n 1 1 4 &lt;&lt; 
  
몰리  
필로폰구매처  
드라퍼모집  
경기도허브액상  
경북엘에스디  
강남보안딜러  
  
#고기구매하는법 https://t.co/4TodFNBhcY",0,0,57.0,['고기구매하는법'],"[Photo(previewUrl='https://pbs.twimg.com/media/FsY6sGOakAEi8b3?format=jpg&name=small', fullUrl='https://pbs.twimg.com/media/FsY6sGOakAEi8b3?format=jpg&name=orig', altText=None)]",Twitter Web App
2023-03-29 10:48:28+00:00,1641029552326561798,lessmith86,경기드러그도매 성남버드 s케타민(엘에스디),,,"▷ ㅌㄹㄱㄹ 24시상담 &gt;&gt; p i n k m a n 1 1 4 &lt;&lt; 
  
수면보조제구매방법  
충북히로뽕  
모르핀판매처  
하이드로몰핀하는법  
용인떨  
허브효과  
  
#대전도리도리 https://t.co/xRiSasI0O5",0,0,24.0,['대전도리도리'],"[Photo(previewUrl='https://pbs.twimg.com/media/FsYbpM8acAAeuPK?format=jpg&name=small', fullUrl='https://pbs.twimg.com/media/FsYbpM8acAAeuPK?format=jpg&name=orig', altText=None)]",Twitter Web App
2023-03-29 10:26:27+00:00,1641024009197473797,mixedtapeshawn,경남케타민밀크 에더블 스페셜케타민구매처(엘에스디),,,"▶ ㅌㄹㄱㄹ 24시상담 &gt;&gt; p i n k m a n 1 1 4 &lt;&lt; 
  
울산엘에스디  
원석케이  
안전딜러  
s케타민  
엘에스디  
전국안전딜러  
  
#도리도리 https://t.co/cmcN9D4Q6I",0,0,34.0,['도리도리'],"[Photo(previewUrl='https://pbs.twimg.com/media/FsYWmcHagAEb_s0?format=jpg&name=small', fullUrl='https://pbs.twimg.com/media/FsYWmcHagAEb_s0?format=jpg&name=orig', altText=None)]",Twitter Web App
2023-03-29 07:05:52+00:00,1640973532510420994,safsadfgsdag,고퀄아이스구매방법 수면유도제 파티마약(고퀄아이스도매),,,"★ ㅌㄹㄱㄹ 24시상담 &gt;&gt; p i n k m a n 1 1 4 &lt;&lt; 
  
대구사탕  
섹스파티  
신의눈물  
환각제구매처  
강동파퍼  
엘에스디  
  
#헤로인상선 https://t.co/RL1onuKGQJ",0,0,54.0,['헤로인상선'],"[Photo(previewUrl='https://pbs.twimg.com/media/FsXotINakAAuOVj?format=jpg&name=small', fullUrl='https://pbs.twimg.com/media/FsXotINakAAuOVj?format=jpg&name=orig', altText=None)]",Twitter Web App
2023-03-29 06:16:55+00:00,1640961211536904193,MarionKarimu,대전케이 케이밀크하는방법 전남좌표딜러모집(얼음상선),,,"○ ㅌㄹㄱㄹ 24시상담 &gt;&gt; p i n k m a n 1 1 4 &lt;&lt; 
  
충남신속배송  
작대기아이스구입방법  
졸피뎀  
몰리구하는곳  
수면보조제  
창원드러그  
  
#원석케이 https://t.co/7pPuS6sC1h",0,0,74.0,['원석케이'],"[Photo(previewUrl='https://pbs.twimg.com/media/FsXde4AaQAALbpB?format=jpg&name=small', fullUrl='https://pbs.twimg.com/media/FsXde4AaQAALbpB?format=jpg&name=orig', altText=None)]",Twitter Web App
2023-03-29 05:57:19+00:00,1640956280297889793,razaumair63,아이스 합성대마구입 전북캔디(대마),,,"♡ ㅌㄹㄱㄹ 24시상담 &gt;&gt; p i n k m a n 1 1 4 &lt;&lt; 
  
엘에스디사는방법  
각성제  
정글주스  
강남러쉬  
삥두  
전국즉시좌표  
  
#강동드라퍼 https://t.co/NBFR5KP8Yq",0,0,35.0,['강동드라퍼'],"[Photo(previewUrl='https://pbs.twimg.com/media/FsXY-v5akAAuIZB?format=jpg&name=small', fullUrl='https://pbs.twimg.com/media/FsXY-v5akAAuIZB?format=jpg&name=orig', altText=None)]",Twitter Web App
2023-03-29 05:50:15+00:00,1640954500881211392,MikeCocoli,케미컬약구입하는방법 광주원석케타민 드랍(충북수면유도제),,,"▶ ㅌㄹㄱㄹ 24시상담 &gt;&gt; p i n k m a n 1 1 4 &lt;&lt; 
  
작대기술사는방법  
즉시좌표  
보안딜러  
인디카  
강남합성떨  
정글주스  
  
#엑스터시 https://t.co/sOLQM99I66",0,0,16.0,['엑스터시'],"[Photo(previewUrl='https://pbs.twimg.com/media/FsXXZQsacAA8hC_?format=jpg&name=small', fullUrl='https://pbs.twimg.com/media/FsXXZQsacAA8hC_?format=jpg&name=orig', altText=None)]",Twitter Web App
2023-03-29 05:24:58+00:00,1640948138998480899,evelynwhisky,충청도삥두 원석케타민구하는법 마리화나구매하는법(수원보안업체),,,"☆ ㅌㄹㄱㄹ 24시상담 &gt;&gt; p i n k m a n 1 1 4 &lt;&lt; 
  
강북사탕  
펜타닐구매  
인슐린  
MDMA상선  
엘에스디  
수원합성떨  
  
#북한산빙두구입방법 https://t.co/pcOlEhLgsT",0,0,39.0,['북한산빙두구입방법'],"[Photo(previewUrl='https://pbs.twimg.com/media/FsXRm_oakAASHug?format=png&name=small', fullUrl='https://pbs.twimg.com/media/FsXRm_oakAASHug?format=png&name=orig', altText=None)]",Twitter Web App
2023-03-29 04:23:27+00:00,1640932657587707904,brbrnrn,강북보안작대기아이수면보조제 몰리 울산해시시(경북히로뽕),,,"☏ ㅌㄹㄱㄹ 24시상담 &gt;&gt; p i n k m a n 1 1 4 &lt;&lt; 
  
충북하선모집  
경북엘에스디  
마리화나도매  
인증업체  
경상도북한산술  
s케타민  
  
#대마액상 https://t.co/ckCcSro0b0",0,0,30.0,['대마액상'],"[Photo(previewUrl='https://pbs.twimg.com/media/FsXDh5IaYAIeRPJ?format=jpg&name=small', fullUrl='https://pbs.twimg.com/media/FsXDh5IaYAIeRPJ?format=jpg&name=orig', altText=None)]",Twitter Web App
2023-03-29 04:06:09+00:00,1640928303602360320,mancilino,전북딜러 원석케타민 매직머쉬룸(합성대마),,Anambra state,"● ㅌㄹㄱㄹ 24시상담 &gt;&gt; p i n k m a n 1 1 4 &lt;&lt; 
  
콕판매  
액떨후기  
에더블  
경기도weed  
광주스틸녹스  
충청도포도허브  
  
#s케타민사는곳 https://t.co/gFIaxalYsX",0,0,17.0,['s케타민사는곳'],"[Photo(previewUrl='https://pbs.twimg.com/media/FsW_jTZacAIcBRv?format=jpg&name=small', fullUrl='https://pbs.twimg.com/media/FsW_jTZacAIcBRv?format=jpg&name=orig', altText=None)]",Twitter Web App
2023-03-29 03:47:31+00:00,1640923616266313730,idduftf,러쉬구입하는방법 수원하선모집 Molly(모르핀),,,"★ ㅌㄹㄱㄹ 24시상담 &gt;&gt; p i n k m a n 1 1 4 &lt;&lt; 
  
러미나  
케미컬약  
대마초  
히로뽕사는곳  
허브판매합니다  
캔디  
  
#삥두도매 https://t.co/OSJ5qrOPVR",0,0,13.0,['삥두도매'],"[Photo(previewUrl='https://pbs.twimg.com/media/FsW7SKZaIAAEUll?format=jpg&name=small', fullUrl='https://pbs.twimg.com/media/FsW7SKZaIAAEUll?format=jpg&name=orig', altText=None)]",Twitter Web App
2023-03-29 01:59:13+00:00,1640896362870099969,KakkOao,부산하선모성남하선모집 액상대마 합성대마구매처(울산케타민원석),,,"♠ ㅌㄹㄱㄹ 24시상담 &gt;&gt; p i n k m a n 1 1 4 &lt;&lt; 
  
광주엑시터시  
전북떨액  
전북허브  
파티마약  
환각버섯  
엘에스디판매합니다  
  
#작대기 https://t.co/4tUzYJzwhc",0,0,22.0,['작대기'],"[Photo(previewUrl='https://pbs.twimg.com/media/FsWihH6aMAE40m-?format=jpg&name=small', fullUrl='https://pbs.twimg.com/media/FsWihH6aMAE40m-?format=jpg&name=orig', altText=None)]",Twitter Web App
2023-03-29 01:54:39+00:00,1640895213471436800,basitfarooq35,우유주사 캔디상선 수면보조제(전남브액),,,"★ ㅌㄹㄱㄹ 24시상담 &gt;&gt; p i n k m a n 1 1 4 &lt;&lt; 
  
마약왕  
정글주스  
클럽약  
케미컬약가격  
샘플  
경남환각제  
  
#얼음판매처 https://t.co/qf83drHMfG",0,0,27.0,['얼음판매처'],"[Photo(previewUrl='https://pbs.twimg.com/media/FsWheUnakAE2rQJ?format=jpg&name=small', fullUrl='https://pbs.twimg.com/media/FsWheUnakAE2rQJ?format=jpg&name=orig', altText=None)]",Twitter Web App
2023-03-29 01:08:34+00:00,1640883615495258112,wasishah51214,성남하선모집 액상대마 합성대마구매처(하선구함),,,"◈ ㅌㄹㄱㄹ 24시상담 &gt;&gt; p i n k m a n 1 1 4 &lt;&lt; 
  
떨사는방법  
북한산술  
포도허브판매합니다  
엘에스디  
강서히로뽕  
강남하선구함  
  
#경남환각제 https://t.co/HuzCLjjv7R",0,0,24.0,['경남환각제'],"[Photo(previewUrl='https://pbs.twimg.com/media/FsWW4yoaUAAtqqN?format=jpg&name=small', fullUrl='https://pbs.twimg.com/media/FsWW4yoaUAAtqqN?format=jpg&name=orig', altText=None)]",Twitter Web App
2023-03-29 00:41:25+00:00,1640876781271150593,hajwjeh,경상도하선구함 아이스뽕 인천드랍퍼모집(대마초하는법),,,"★ ㅌㄹㄱㄹ 24시상담 &gt;&gt; p i n k m a n 1 1 4 &lt;&lt; 
  
빙두  
충북엘에스디  
대마초  
케미컬  
작대기술구하는곳  
빙두구하는곳  
  
#바라시  
v",0,0,50.0,['바라시'],,Twitter Web App
2023-03-28 23:11:05+00:00,1640854049674379265,janeoinezatq,합성대마초구입 인천도리도리 서울LSD(밀크케타민),,,"♡ ㅌㄹㄱㄹ 24시상담 &gt;&gt; p i n k m a n 1 1 4 &lt;&lt; 
  
경남작대기술  
경북GHB  
황술  
아이스뽕  
떨구매하는법  
케타민원석구입  
  
#진통제 https://t.co/I7oi4fNkLx",0,0,19.0,['진통제'],"[Photo(previewUrl='https://pbs.twimg.com/media/FsV8B4KacAA9o8i?format=jpg&name=small', fullUrl='https://pbs.twimg.com/media/FsV8B4KacAA9o8i?format=jpg&name=orig', altText=None)]",Twitter Web App
2023-03-28 22:30:57+00:00,1640843950838943747,idduftf,러쉬구입하는방법 수원하선모집 Molly(모르핀),,,"☎ ㅌㄹㄱㄹ 24시상담 &gt;&gt; p i n k m a n 1 1 4 &lt;&lt; 
  
서울에더블  
딜러  
전라도마리화나  
사탕  
대마초구입하는방법  
트라마돌  
  
#서울찬술  
v",0,0,19.0,['서울찬술'],,Twitter Web App
2023-03-28 21:14:42+00:00,1640824759935188992,cathywadas188,디스펜서대전케타민원석 s케타민 캔디(경상도원석케타민),,,"♥ ㅌㄹㄱㄹ 24시상담 &gt;&gt; p i n k m a n 1 1 4 &lt;&lt; 
  
강원도엘에스디  
대마초  
인천파퍼  
전북weed  
환각파티  
마취제  
  
#버드구입하는법 https://t.co/euhDyzGk6Z",0,0,27.0,['버드구입하는법'],"[Photo(previewUrl='https://pbs.twimg.com/media/FsVhZ0kagAAYveL?format=jpg&name=small', fullUrl='https://pbs.twimg.com/media/FsVhZ0kagAAYveL?format=jpg&name=orig', altText=None)]",Twitter Web App
2023-03-28 20:11:14+00:00,1640808789770371072,redddyhood,트라바라시 스발정제 성남아이스 강남고퀄아이스(섹스마약),,,"♧ ㅌㄹㄱㄹ 24시상담 &gt;&gt; p i n k m a n 1 1 4 &lt;&lt; 
  
떨판매처  
드러그사는방법  
엘에스디  
밀크케타민후기  
포도허브판매합니다  
하이드로몰핀사는곳  
  
#모르핀 https://t.co/RiJmjC4eFn",0,0,18.0,['모르핀'],"[Photo(previewUrl='https://pbs.twimg.com/media/FsVS2ysaAAczwSI?format=jpg&name=small', fullUrl='https://pbs.twimg.com/media/FsVS2ysaAAczwSI?format=jpg&name=orig', altText=None)]",Twitter Web App
2023-03-28 11:58:49+00:00,1640684868773511168,oyeyemioyelekan,수원MD케미컬약구입하는방법 광주원석케타민 드랍(강원도캔디),,,"♧ ㅌㄹㄱㄹ 24시상담 &gt;&gt; p i n k m a n 1 1 4 &lt;&lt; 
  
#전국배송  
충북크리스탈  
대전펜타닐  
작대기  
엘에스디구입  
대전안전업체  
마취제 https://t.co/opiaWadmnn",0,0,50.0,['전국배송'],"[Photo(previewUrl='https://pbs.twimg.com/media/FsTiK-_akAElHtI?format=jpg&name=small', fullUrl='https://pbs.twimg.com/media/FsTiK-_akAElHtI?format=jpg&name=orig', altText=None)]",Twitter Web App
2023-03-28 10:36:07+00:00,1640664056662200323,kred5510,댑구매방법 조인트구매 용인합성떨(수원히로뽕),,,"▶ ㅌㄹㄱㄹ 24시상담 &gt;&gt; p i n k m a n 1 1 4 &lt;&lt; 
  
#경기도드라퍼구인  
작대기아이스  
수면보조제  
북한산빙두  
엘에스디후기  
대구즉시좌표  
대마구매하는법 https://t.co/xf6k9EgZ3C",0,0,34.0,['경기도드라퍼구인'],"[Photo(previewUrl='https://pbs.twimg.com/media/FsTPNjlaQAEN1Vg?format=jpg&name=small', fullUrl='https://pbs.twimg.com/media/FsTPNjlaQAEN1Vg?format=jpg&name=orig', altText=None)]",Twitter Web App
2023-03-26 04:19:52+00:00,1639844594258169856,nutpineofhorror,봇짐더락,,,엘에스디 굿 ㅋㅋ https://t.co/FKBDWAzqXF,4,0,859.0,,"[Photo(previewUrl='https://pbs.twimg.com/media/FsHl9OqacAAT5Cm?format=jpg&name=small', fullUrl='https://pbs.twimg.com/media/FsHl9OqacAAT5Cm?format=jpg&name=orig', altText=None), Photo(previewUrl='https://pbs.twimg.com/media/FsHl9zyaMAEEFwC?format=jpg&name=small', fullUrl='https://pbs.twimg.com/media/FsHl9zyaMAEEFwC?format=jpg&name=orig', altText=None)]",Twitter for Android
2023-03-25 12:09:27+00:00,1639600378143739906,genkin3yen,3.8억인조강도가현금3엔을탈취해...,,,@3dg_3 응집가자마자그릴게 엘에스디하게해줄게,0,0,22.0,,,Twitter for Android
2023-03-24 13:38:33+00:00,1639260413173825540,hoothowland,hoothowland,,,"♥ 최상퀄리티자부 텔레아디 - p i n k m a n 1 1 4 
부산케타민원석  
엑시터시구하는곳  
섹스마약사는곳  
찬술판매처  
경기도짝대기  
작대기아이스도매  
#엘에스디 https://t.co/cAVTz4mHbf",0,0,113.0,['엘에스디'],"[Photo(previewUrl='https://pbs.twimg.com/media/Fr_So_aWwAIeAbN?format=jpg&name=small', fullUrl='https://pbs.twimg.com/media/Fr_So_aWwAIeAbN?format=jpg&name=orig', altText=None)]",Twitter Web App
2023-03-24 11:43:11+00:00,1639231382022164480,Annabelstarbaby, Annabel Grace ,,,"☞ 최상퀄리티자부 텔레아디 - p i n k m a n 1 1 4 
경기도엑시터시  
머쉬룸  
엘에스디  
섹스마약  
수원발정제  
합성떨상선  
#경남케이원석 https://t.co/vMwT0UltYs",0,0,80.0,['경남케이원석'],"[Photo(previewUrl='https://pbs.twimg.com/media/Fr-4ORZaEAAnOKl?format=jpg&name=small', fullUrl='https://pbs.twimg.com/media/Fr-4ORZaEAAnOKl?format=jpg&name=orig', altText=None)]",Twitter Web App
2023-03-24 11:10:20+00:00,1639223112737882112,masoletapiwa,Tapiwa Martha,,,"☆ 최상퀄리티자부 텔레아디 - p i n k m a n 1 1 4 
울산안전업체  
전북하이드로몰핀  
신속드랍  
엘에스디사는방법  
수원LSD  
액떨팝니다  
#수면제 https://t.co/Y3rNciQLb3",0,0,117.0,['수면제'],"[Photo(previewUrl='https://pbs.twimg.com/media/Fr-wtc3akAIJFKm?format=jpg&name=small', fullUrl='https://pbs.twimg.com/media/Fr-wtc3akAIJFKm?format=jpg&name=orig', altText=None)]",Twitter Web App
2023-03-24 10:31:41+00:00,1639213386780254208,missroyal14,missroyal,,,"☆ 최상퀄리티자부 텔레아디 - p i n k m a n 1 1 4 
스페셜케타민구매하는법  
경상도허브  
엘에스디  
진통제구하는곳  
용인황술  
하선구함  
#얼음술 https://t.co/p6vjxqMj7v",0,0,36.0,['얼음술'],"[Photo(previewUrl='https://pbs.twimg.com/media/Fr-n3nuaAAEiHE_?format=jpg&name=small', fullUrl='https://pbs.twimg.com/media/Fr-n3nuaAAEiHE_?format=jpg&name=orig', altText=None)]",Twitter Web App
2023-03-24 08:59:37+00:00,1639190220653621249,suzyq11167,SuzyQ,,,"★ 최상퀄리티자부 텔레아디 - p i n k m a n 1 1 4 
광주코카인  
창원케타민밀크  
환각제구매  
엘에스디구입하는법  
허브  
엘에스디파는곳  
#밀크케타민구매 https://t.co/kSCZJDjLKD",0,0,62.0,['밀크케타민구매'],"[Photo(previewUrl='https://pbs.twimg.com/media/Fr-Sy5AaMAU6s3u?format=jpg&name=small', fullUrl='https://pbs.twimg.com/media/Fr-Sy5AaMAU6s3u?format=jpg&name=orig', altText=None)]",Twitter Web App
2023-03-24 06:51:26+00:00,1639157959849832448,phultastk,phultastk,,,"★ 최상퀄리티자부 텔레아디 - p i n k m a n 1 1 4 
경상도하선구함  
환각버섯구입하는법  
울산조인트  
엑스터시구입방법  
인증딜러  
엘에스디가격  
#케이밀크도매 https://t.co/CSX3aTlGQ2",0,0,52.0,['케이밀크도매'],"[Photo(previewUrl='https://pbs.twimg.com/media/Fr91dX_aYAAgQ3O?format=jpg&name=small', fullUrl='https://pbs.twimg.com/media/Fr91dX_aYAAgQ3O?format=jpg&name=orig', altText=None)]",Twitter Web App
2023-03-24 06:48:31+00:00,1639157227033628672,jackiepugh4,jackiepugh,,,"▷ 최상퀄리티자부 텔레아디 - p i n k m a n 1 1 4 
엘에스디  
엑스터시하는법  
전라도드랍퍼모집  
물뽕사는방법  
포도허브구매방법  
조인트구하는법  
#아이스 https://t.co/FmsGkWkJ73",0,0,26.0,['아이스'],"[Photo(previewUrl='https://pbs.twimg.com/media/Fr90xleaYAABznF?format=jpg&name=small', fullUrl='https://pbs.twimg.com/media/Fr90xleaYAABznF?format=jpg&name=orig', altText=None)]",Twitter Web App
2023-03-24 03:35:36+00:00,1639108676584865793,beaudinkenda,beaudinkenda,,,"★ 최상퀄리티자부 텔레아디 - p i n k m a n 1 1 4 
엑스터시판매합니다  
크리스탈  
패치  
케이  
옥시코돈후기  
엘에스디  
#충청도환각제 https://t.co/L0Uev2f9lA",0,0,8.0,['충청도환각제'],"[Photo(previewUrl='https://pbs.twimg.com/media/Fr9IoWTaIAANv6H?format=jpg&name=small', fullUrl='https://pbs.twimg.com/media/Fr9IoWTaIAANv6H?format=jpg&name=orig', altText=None)]",Twitter Web App
2023-03-24 03:34:06+00:00,1639108301689597952,fandithokk,H N D,,,"♥ 최상퀄리티자부 텔레아디 - p i n k m a n 1 1 4 
랏슈  
용인엘에스디  
액상떨  
환각제파는곳  
드러그상선  
광주랏슈  
#아이스판매 https://t.co/LjZtZaIWqw",0,0,41.0,['아이스판매'],"[Photo(previewUrl='https://pbs.twimg.com/media/Fr9ISkJaYAAx0Ql?format=jpg&name=small', fullUrl='https://pbs.twimg.com/media/Fr9ISkJaYAAx0Ql?format=jpg&name=orig', altText=None)]",Twitter Web App
2023-03-24 01:56:21+00:00,1639083702285393920,lubnafaisal1,lubnafaisal,,,"◈ 최상퀄리티자부 텔레아디 - p i n k m a n 1 1 4 
우유주사  
엘에스디효과  
작대기술하는법  
발정제  
뽕도매  
필로폰구하는곳  
#경기도케이밀크 https://t.co/8S4mMET8FV",0,0,17.0,['경기도케이밀크'],"[Photo(previewUrl='https://pbs.twimg.com/media/Fr8x60lakAAs7Gn?format=jpg&name=small', fullUrl='https://pbs.twimg.com/media/Fr8x60lakAAs7Gn?format=jpg&name=orig', altText=None)]",Twitter Web App
2023-03-24 01:42:03+00:00,1639080102473633792,felda4sa,Sam,,,"☆ 최상퀄리티자부 텔레아디 - p i n k m a n 1 1 4 
강서사끼  
즉시좌표  
창원졸피뎀  
도리도리  
엘에스디  
파티drug  
#인슐린 https://t.co/mtpXf7FynX",0,0,24.0,['인슐린'],"[Photo(previewUrl='https://pbs.twimg.com/media/Fr8upX5aQAA6_t3?format=jpg&name=small', fullUrl='https://pbs.twimg.com/media/Fr8upX5aQAA6_t3?format=jpg&name=orig', altText=None)]",Twitter Web App
2023-03-23 20:55:34+00:00,1639008006309552133,rpgpushpagupya,pushpa gupta,,,"♠ 최상퀄리티자부 텔레아디 - p i n k m a n 1 1 4 
합성대마파는곳  
삥두판매합니다  
전라도포도허브  
전국안전딜러  
충남엘에스디  
케미컬약  
#정글주스 https://t.co/HSJs4t06Qg",0,0,17.0,['정글주스'],"[Photo(previewUrl='https://pbs.twimg.com/media/Fr7tEHqaMAEqzP2?format=jpg&name=small', fullUrl='https://pbs.twimg.com/media/Fr7tEHqaMAEqzP2?format=jpg&name=orig', altText=None)]",Twitter Web App
2023-03-23 17:43:12+00:00,1638959594545491970,mese198405,كاظم سعدون,,,"☏ 최상퀄리티자부 텔레아디 - p i n k m a n 1 1 4 
광주우유주사  
드랍퍼구인  
대마초  
수면제구하는곳  
서울엘에스디  
경남도리도리  
#아이스후기  
v",0,0,63.0,['아이스후기'],,Twitter Web App
2023-03-23 17:13:49+00:00,1638952199194828801,fandithokk,H N D,,,"★ 최상퀄리티자부 텔레아디 - p i n k m a n 1 1 4 
전북엘에스디  
발정제  
엑스터시  
얼음술  
전남펜타닐  
밀크케타민효과  
#원석케이팔아요 https://t.co/JmJtBcb8Jq",0,0,69.0,['원석케이팔아요'],"[Photo(previewUrl='https://pbs.twimg.com/media/Fr66UGXaQAApM7L?format=jpg&name=small', fullUrl='https://pbs.twimg.com/media/Fr66UGXaQAApM7L?format=jpg&name=orig', altText=None)]",Twitter Web App
2023-03-23 16:48:49+00:00,1638945910943289344,AHMEDSMN646,احمدةمحمد,,,"♧ 최상퀄리티자부 텔레아디 - p i n k m a n 1 1 4 
충북합성떨  
캔디효과  
엘에스디구매방법  
드랍퍼모집  
전남안전드랍  
전라도드라퍼모집  
#포도허브팔아요 https://t.co/UtYmb3Dp1v",0,0,11.0,['포도허브팔아요'],"[Photo(previewUrl='https://pbs.twimg.com/media/Fr60lRxagAAWdqX?format=jpg&name=small', fullUrl='https://pbs.twimg.com/media/Fr60lRxagAAWdqX?format=jpg&name=orig', altText=None)]",Twitter Web App
2023-03-23 14:21:05+00:00,1638908729138745345,HotdogNiKennan,Kennan Mandanas,,,"○ 최상퀄리티자부 텔레아디 - p i n k m a n 1 1 4 
경상도드라퍼구인  
전남안전딜러  
스틸녹스  
엘에스디가격  
강원도케미컬약  
랏슈  
#하이드로몰핀효과 https://t.co/f5blLSz5qJ",0,0,142.0,['하이드로몰핀효과'],"[Photo(previewUrl='https://pbs.twimg.com/media/Fr6SxqGakAAnUu5?format=jpg&name=small', fullUrl='https://pbs.twimg.com/media/Fr6SxqGakAAnUu5?format=jpg&name=orig', altText=None)]",Twitter Web App
2023-03-23 01:58:47+00:00,1638721923713757186,adinianjavidoko,강남좌표 대구합성떨 케미컬약사는곳(),,,"☏ 텔 레 그 램 i d &gt;&gt; p i n k m a n 1 1 4 
  
하이드로몰핀  
엑시터시  
북한산빙두팔아요  
강동우유주사  
대마  
대구엘에스디  
  
#환각제팔아요 https://t.co/5rpvCvFKc8",0,0,34.0,['환각제팔아요'],"[Photo(previewUrl='https://pbs.twimg.com/media/Fr3o3VvaMAAOpOd?format=jpg&name=small', fullUrl='https://pbs.twimg.com/media/Fr3o3VvaMAAOpOd?format=jpg&name=orig', altText=None)]",Twitter Web App
2023-03-22 05:14:52+00:00,1638408883705356291,tatianadavis82,뽕아이스 찬술구매방법 작대기술(),,,"▷ 텔 레 그 램 i d &gt;&gt; p i n k m a n 1 1 4 
  
GHB  
작대기아이스  
떨구입  
마취제  
대구엘에스디  
강원도펜타닐  
  
#랏슈 https://t.co/b7BmIj869b",0,0,118.0,['랏슈'],"[Photo(previewUrl='https://pbs.twimg.com/media/FrzMLJraQAAbfgd?format=jpg&name=small', fullUrl='https://pbs.twimg.com/media/FrzMLJraQAAbfgd?format=jpg&name=orig', altText=None)]",Twitter Web App
2023-03-22 01:19:58+00:00,1638349769813925888,annesandra94,아이스 합성대마구입 전북캔디(),,,"☏ 텔 레 그 램 i d &gt;&gt; p i n k m a n 1 1 4 
  
파티마약구입하는법  
엘에스디  
합성대마  
대구고퀄아이스  
진통제  
파퍼  
  
#전남엘에스디 https://t.co/BPBZji8E4y",0,0,135.0,['전남엘에스디'],"[Photo(previewUrl='https://pbs.twimg.com/media/FryWaR5aIAEmqVP?format=jpg&name=small', fullUrl='https://pbs.twimg.com/media/FryWaR5aIAEmqVP?format=jpg&name=orig', altText=None)]",Twitter Web App
2023-03-21 04:31:53+00:00,1638035675902783489,devieosei,devie,,,"☏ 텔레문의 -  p i n k m a n 1 1 4 
  
스페셜케타민구매방법  
  
충남프로포폴  
  
엑시터시  
  
MDMA  
  
패치  
  
수원엘에스디  
  
#모르핀 https://t.co/Cq1ovenz7Y",0,0,51.0,['모르핀'],"[Photo(previewUrl='https://pbs.twimg.com/media/Frt4uzpagAA1kni?format=jpg&name=small', fullUrl='https://pbs.twimg.com/media/Frt4uzpagAA1kni?format=jpg&name=orig', altText=None)]",Twitter Web App
2023-03-21 04:27:25+00:00,1638034555453190151,AlierChristman,AlierChristman,,,"◈ 텔레문의 -  p i n k m a n 1 1 4 
  
엘에스디  
  
마약왕  
  
이두삼  
  
강원도뽕  
  
스틸녹스  
  
황술  
  
#충남weed https://t.co/rD6sqHBwnH",0,0,44.0,['충남weed'],"[Photo(previewUrl='https://pbs.twimg.com/media/Frt3uHXaMAY10BE?format=jpg&name=small', fullUrl='https://pbs.twimg.com/media/Frt3uHXaMAY10BE?format=jpg&name=orig', altText=None)]",Twitter Web App
2023-03-21 03:29:59+00:00,1638020100266823682,n0bitang0x,Nhi,,,"♡ 텔레문의 -  p i n k m a n 1 1 4 
  
Molly  
  
경상도케이캔디  
  
성남허브  
  
에더블  
  
액떨구매방법  
  
엘에스디구하는법  
  
#합성떨 https://t.co/sAx1b6dAxA",0,0,19.0,['합성떨'],"[Photo(previewUrl='https://pbs.twimg.com/media/Frtqk9GagAAFj3F?format=jpg&name=small', fullUrl='https://pbs.twimg.com/media/Frtqk9GagAAFj3F?format=jpg&name=orig', altText=None)]",Twitter Web App
2023-03-21 01:01:10+00:00,1637982650664366080,rathwarakesh45,Rathwarakesh,,,"★ 텔레문의 -  p i n k m a n 1 1 4 
  
마취제  
  
강북하선구함  
  
강남좌표딜러구함  
  
바라시  
  
엘에스디하는방법  
  
고기  
  
#강북수면제 https://t.co/WR26NoMINB",0,0,16.0,['강북수면제'],"[Photo(previewUrl='https://pbs.twimg.com/media/FrtIgryaEAEwSo9?format=jpg&name=small', fullUrl='https://pbs.twimg.com/media/FrtIgryaEAEwSo9?format=jpg&name=orig', altText=None)]",Twitter Web App
2023-03-20 23:50:23+00:00,1637964834955493377,rianmccrea,Rahmat trianto,,,"♥ 텔레문의 -  p i n k m a n 1 1 4 
  
충북엘에스디  
  
아이스  
  
드러그하는방법  
  
아이스뽕  
  
옥시코돈구하는곳  
  
짝대기  
  
#성남하선구함 https://t.co/K7BxyujtBY",0,0,14.0,['성남하선구함'],"[Photo(previewUrl='https://pbs.twimg.com/media/Frs4T7NaEAALXUP?format=jpg&name=small', fullUrl='https://pbs.twimg.com/media/Frs4T7NaEAALXUP?format=jpg&name=orig', altText=None)]",Twitter Web App
2023-03-20 21:35:48+00:00,1637930966969876482,luckyboy100791,Truong Binh Ho,,,"♥ 텔레문의 -  p i n k m a n 1 1 4 
  
weed  
  
원석케타민  
  
엘에스디팔아요  
  
에더블  
  
전북케이캔디  
  
아이스뽕하는법  
  
#서울GHB https://t.co/p14tNyNqWN",0,0,10.0,['서울GHB'],"[Photo(previewUrl='https://pbs.twimg.com/media/FrsZfubaIAAxjBe?format=jpg&name=small', fullUrl='https://pbs.twimg.com/media/FrsZfubaIAAxjBe?format=jpg&name=orig', altText=None)]",Twitter Web App
2023-03-20 21:05:13+00:00,1637923270203932672,angelbose11,kolawole florence,,,"♠ 텔레문의 -  p i n k m a n 1 1 4 
  
엘에스디  
  
러미나  
  
고기판매처  
  
디스펜서리  
  
삥두  
  
강서뽕  
  
#강서브액 https://t.co/4jHXHv6uF9",0,0,12.0,['강서브액'],"[Photo(previewUrl='https://pbs.twimg.com/media/FrsSgQtaEAEqIwD?format=jpg&name=small', fullUrl='https://pbs.twimg.com/media/FrsSgQtaEAEqIwD?format=jpg&name=orig', altText=None)]",Twitter Web App
2023-03-20 18:25:17+00:00,1637883020538699776,adexxlly552,Omoniyi Adeola,,,"♧ 텔레문의 -  p i n k m a n 1 1 4 
  
경남케이밀크  
  
강북LSD  
  
경상도보안좌표  
  
고퀄아이스  
  
엘에스디사는곳  
  
액브사는방법  
  
#작대기술 https://t.co/8ibpVFATds",0,0,59.0,['작대기술'],"[Photo(previewUrl='https://pbs.twimg.com/media/Frrt5i9agAEHj-J?format=jpg&name=small', fullUrl='https://pbs.twimg.com/media/Frrt5i9agAEHj-J?format=jpg&name=orig', altText=None)]",Twitter Web App
2023-03-20 18:00:27+00:00,1637876771449376768,mohdanis68,Mohamd anis,,,"◈ 텔레문의 -  p i n k m a n 1 1 4 
  
엑스터시상선  
  
마리화나  
  
버드  
  
엘에스디하는법  
  
전국수면유도제  
  
강원도합성대마초  
  
#북한산빙두 https://t.co/1iJCiyjSIV",0,0,39.0,['북한산빙두'],"[Photo(previewUrl='https://pbs.twimg.com/media/FrroNikacAAuZYQ?format=jpg&name=small', fullUrl='https://pbs.twimg.com/media/FrroNikacAAuZYQ?format=jpg&name=orig', altText=None)]",Twitter Web App
2023-03-20 15:22:28+00:00,1637837014711275521,SandyMotions,Sandy Motion FC,,Indonesia,"▷ 텔레문의 -  p i n k m a n 1 1 4 
  
조인트  
  
인천엘에스디  
  
작대기아이스하는방법  
  
고퀄아이스  
  
매직머쉬룸  
  
사끼  
  
#패치 https://t.co/q8biZ0p99o",0,0,19.0,['패치'],"[Photo(previewUrl='https://pbs.twimg.com/media/FrrEBtvakAEQIWT?format=jpg&name=small', fullUrl='https://pbs.twimg.com/media/FrrEBtvakAEQIWT?format=jpg&name=orig', altText=None)]",Twitter Web App
2023-03-20 10:37:47+00:00,1637765370424725507,keyonafindlay,keyona findlay,,,"▷ 텔레문의 -  p i n k m a n 1 1 4 
  
강북옥시코돈  
  
러쉬  
  
원석케이  
  
창원엘에스디  
  
강남딜러  
  
전남수면제  
  
#전라도코데인  
v",0,0,38.0,['전라도코데인'],,Twitter Web App
2023-03-20 10:02:27+00:00,1637756477963386881,AlmandLai,AlmandLai,,,"☆ 텔레문의 -  p i n k m a n 1 1 4 
  
최음제  
  
해시시판매처  
  
광주엘에스디  
  
빙두도매  
  
버드사는법  
  
강북대마액상  
  
#경남에더블 https://t.co/Sfqb2U77EP",0,0,52.0,['경남에더블'],"[Photo(previewUrl='https://pbs.twimg.com/media/Frp6zstaAAAwQ1o?format=jpg&name=small', fullUrl='https://pbs.twimg.com/media/Frp6zstaAAAwQ1o?format=jpg&name=orig', altText=None)]",Twitter Web App
2023-03-19 13:10:44+00:00,1637441476962709505,M1lkywayW1shes,마르크 일반인 보호자,,유리 샨힐 품사 소존,"LSD 아.시.는.구.나!
제가 엘에스디에서 가장 좋아하는 겁니다 https://t.co/1WW8wuRUGv",2,0,78.0,,"[Photo(previewUrl='https://pbs.twimg.com/media/FrlcWIoakAIFPWu?format=jpg&name=small', fullUrl='https://pbs.twimg.com/media/FrlcWIoakAIFPWu?format=jpg&name=orig', altText=None)]",Twitter for Android
2023-03-18 05:30:07+00:00,1636963170916126720,nanafashionasta,Nana,,,"♧ 텔레채널검색하세요 p i n k m a n 1 1 4 
  
창원해시시  
환각버섯도매  
강원도섹스마약  
각성제사는법  
엘에스디  
포도허브  
#캔디구하는곳 https://t.co/Zf7KvqG14q",0,0,50.0,['캔디구하는곳'],"[Photo(previewUrl='https://pbs.twimg.com/media/FrepSXbagAUqM9y?format=jpg&name=small', fullUrl='https://pbs.twimg.com/media/FrepSXbagAUqM9y?format=jpg&name=orig', altText=None)]",Twitter Web App
2023-03-18 02:32:15+00:00,1636918405533175808,jamie02871,jamie valeros,,,"☆ 텔레채널검색하세요 p i n k m a n 1 1 4 
  
짝대기  
엘에스디  
매직머쉬룸판매처  
댑  
용인엑시터시  
댑  
#엘에스디후기 https://t.co/LtiErnFULw",0,0,12.0,['엘에스디후기'],"[Photo(previewUrl='https://pbs.twimg.com/media/FreAltTaIAAyMm_?format=jpg&name=small', fullUrl='https://pbs.twimg.com/media/FreAltTaIAAyMm_?format=jpg&name=orig', altText=None)]",Twitter Web App
2023-03-17 20:54:35+00:00,1636833432042090501,shanikatrayham,SelenaAustin,,,"★ 텔레채널검색하세요 p i n k m a n 1 1 4 
  
충청도엘에스디  
스틸녹스파는곳  
수원아이스  
케타민팝니다  
허브  
파티약  
#강남히로뽕 https://t.co/AAcKU3pXpN",0,0,71.0,['강남히로뽕'],"[Photo(previewUrl='https://pbs.twimg.com/media/FrczTtCaMAANfa7?format=jpg&name=small', fullUrl='https://pbs.twimg.com/media/FrczTtCaMAANfa7?format=jpg&name=orig', altText=None)]",Twitter Web App
2023-03-17 02:33:55+00:00,1636556437509005312,mentalappa2,귀염둥이,,,"전두환손자아무리생각해도 더글로리, 더웨일 연속으로보고 에브리웨어수상소감더웨일수상소감본뒤 엘에스디인지엘티인지느금만지마약하고 일저지른듯",18,15,4874.0,,,Twitter for iPhone
2023-03-16 20:42:08+00:00,1636467908779061248,TaneshaKaylee,Tanesha Kaylee,,,"♧ 텔레채널검색 p i n k m a n 1 1 4 0 
  
케미컬약  
액브판매  
엘에스디  
우유주사상선  
강동합성대마  
충청도섹스마약  
  
#부산인슐린 https://t.co/E9xCdSQrKv",0,0,5.0,['부산인슐린'],"[Photo(previewUrl='https://pbs.twimg.com/media/FrXm3mAaEAAwoKR?format=jpg&name=small', fullUrl='https://pbs.twimg.com/media/FrXm3mAaEAAwoKR?format=jpg&name=orig', altText=None)]",Twitter Web App
2023-03-16 20:18:00+00:00,1636461836060217344,LeisaPa2,Leisa Pa,,,"☞ 텔레채널검색 p i n k m a n 1 1 4 0 
  
북한산빙두  
엘에스디  
액상대마  
강서케이  
액상떨판매  
작대기  
  
#전국몰리 https://t.co/KRXJu5jb7F",0,0,4.0,['전국몰리'],"[Photo(previewUrl='https://pbs.twimg.com/media/FrXhV4UaAAAqkGJ?format=jpg&name=small', fullUrl='https://pbs.twimg.com/media/FrXhV4UaAAAqkGJ?format=jpg&name=orig', altText=None)]",Twitter Web App
2023-03-16 19:48:25+00:00,1636454391548096512,natalia_krissy,Krissy Natalia,,,"○ 텔레채널검색 p i n k m a n 1 1 4 0 
  
얼음술  
합성떨도매  
경남하선모집  
원석케타민  
신의눈물  
엘에스디  
  
#창원드라퍼구인 https://t.co/kwh2GJnQiG",0,0,5.0,['창원드라퍼구인'],"[Photo(previewUrl='https://pbs.twimg.com/media/FrXalFwacAA6Dxo?format=jpg&name=small', fullUrl='https://pbs.twimg.com/media/FrXalFwacAA6Dxo?format=jpg&name=orig', altText=None)]",Twitter Web App
2023-03-16 19:39:42+00:00,1636452196991778816,RonaMikki,Mikki Rona,,,"★ 텔레채널검색 p i n k m a n 1 1 4 0 
  
인천엘에스디  
경북랏슈  
파티약  
옥시코돈팔아요  
경남weed  
창원고퀄아이스  
  
#케미컬약도매 https://t.co/GZOkJwwnWE",0,0,7.0,['케미컬약도매'],"[Photo(previewUrl='https://pbs.twimg.com/media/FrXYj7eaMAA03Yz?format=jpg&name=small', fullUrl='https://pbs.twimg.com/media/FrXYj7eaMAA03Yz?format=jpg&name=orig', altText=None)]",Twitter Web App
2023-03-16 19:21:24+00:00,1636447593059459073,TamelaTrula,Tamela Trula,,,"○ 텔레채널검색 p i n k m a n 1 1 4 0 
  
뽕아이스구입하는방법  
강서코카인  
황술  
경기도뽕아이스  
펜플루라민  
서울엘에스디  
  
#프로포폴 https://t.co/fqkReKyB2u",0,0,16.0,['프로포폴'],"[Photo(previewUrl='https://pbs.twimg.com/media/FrXUYr4agAA6lKo?format=png&name=small', fullUrl='https://pbs.twimg.com/media/FrXUYr4agAA6lKo?format=png&name=orig', altText=None)]",Twitter Web App
2023-03-16 19:14:17+00:00,1636445801567367168,LunaMabel10,Luna Mabel,,,"▷ 텔레채널검색 p i n k m a n 1 1 4 0 
  
강원도삥두  
성남Molly  
케타민밀크  
엘에스디  
전북작대기  
북한산빙두효과  
  
#울산각성제 https://t.co/WoRQ50k9M6",0,0,3.0,['울산각성제'],"[Photo(previewUrl='https://pbs.twimg.com/media/FrXSw5zaQAAy0VX?format=jpg&name=small', fullUrl='https://pbs.twimg.com/media/FrXSw5zaQAAy0VX?format=jpg&name=orig', altText=None)]",Twitter Web App
2023-03-16 17:53:17+00:00,1636425418579537920,VeronikaEdwina,Veronika Edwina,,,"▷ 텔레채널검색 p i n k m a n 1 1 4 0 
  
전북원석케이  
경기도좌표  
스페셜케타민  
스틸녹스팝니다  
케이밀크구입  
엘에스디가격  
  
#보안좌표 https://t.co/KGZKp1Q2VI",0,0,4.0,['보안좌표'],"[Photo(previewUrl='https://pbs.twimg.com/media/FrXAOBraUAEtKgW?format=jpg&name=small', fullUrl='https://pbs.twimg.com/media/FrXAOBraUAEtKgW?format=jpg&name=orig', altText=None)]",Twitter Web App
2023-03-16 16:10:19+00:00,1636399506194583552,sunny_cassandra,Cassandra Sunny,,,"♡ 텔레채널검색 p i n k m a n 1 1 4 0 
  
케이팝니다  
엘에스디  
댑팝니다  
대마  
떨액구입하는방법  
인슐린구하는곳  
  
#야바 https://t.co/xYZYKs8S6Y",0,0,4.0,['야바'],"[Photo(previewUrl='https://pbs.twimg.com/media/FrWop-CaQAUGRVj?format=jpg&name=small', fullUrl='https://pbs.twimg.com/media/FrWop-CaQAUGRVj?format=jpg&name=orig', altText=None)]",Twitter Web App
2023-03-16 16:05:35+00:00,1636398314089492481,VeronikaEdwina,Veronika Edwina,,,"☏ 텔레채널검색 p i n k m a n 1 1 4 0 
  
마약효과  
강북대마액상  
고퀄아이스하는방법  
엘에스디  
창원케이  
s케타민구하는곳  
  
#마약 https://t.co/U9bsqgMEEV",0,0,,['마약'],"[Photo(previewUrl='https://pbs.twimg.com/media/FrWni1ZagAAGDzD?format=jpg&name=small', fullUrl='https://pbs.twimg.com/media/FrWni1ZagAAGDzD?format=jpg&name=orig', altText=None)]",Twitter Web App
2023-03-16 15:27:14+00:00,1636388664438841354,BerniceMarie11,Bernice Marie,,,"☏ 텔레채널검색 p i n k m a n 1 1 4 0 
  
머쉬룸구입  
엘에스디팝니다  
대마액상상선  
코데인  
전라도고기  
헤로인  
  
#수면유도제 https://t.co/xzifXrfsz0",0,0,3.0,['수면유도제'],"[Photo(previewUrl='https://pbs.twimg.com/media/FrWey1CaAAMf9Z5?format=jpg&name=small', fullUrl='https://pbs.twimg.com/media/FrWey1CaAAMf9Z5?format=jpg&name=orig', altText=None)]",Twitter Web App
2023-03-16 07:14:05+00:00,1636264559127461889,DorthaEvelia,밀파퍼구매처 클럽파티 각성제(스페셜케타민),,,"★ ㅌㄹㄱㄹ문의 : p i n k m a n 1 1 4 
엘에스디  
크리스탈  
작대기술사는방법  
MDMA  
울산마약  
케이원석  
#파티마약 https://t.co/a0oLb9JH5W",0,0,5.0,['파티마약'],"[Photo(previewUrl='https://pbs.twimg.com/media/FrUt6-WaAAIVA-N?format=jpg&name=small', fullUrl='https://pbs.twimg.com/media/FrUt6-WaAAIVA-N?format=jpg&name=orig', altText=None)]",Twitter Web App
2023-03-15 20:21:47+00:00,1636100399508897792,ValeneOdelia,전북진통제파는곳 인천밀크케타민 대마액상(진통제),,,"♡ ㅌㄹㄱㄹ문의 : p i n k m a n 1 1 4 
코데인  
전북러쉬  
충남보안좌표  
전라도엘에스디  
코카인도매  
전라도펜타닐  
#도리도리구매 https://t.co/s53WhjazCR",0,0,6.0,['도리도리구매'],"[Photo(previewUrl='https://pbs.twimg.com/media/FrSYnt8aMAALazB?format=jpg&name=small', fullUrl='https://pbs.twimg.com/media/FrSYnt8aMAALazB?format=jpg&name=orig', altText=None)]",Twitter Web App
2023-03-15 01:28:45+00:00,1635815261931720705,dadagainstallds,뜻밖의꼬북이,,"Tre'r-Ddol, Wales",근데 대마초하고 엘에스디하고 여자들 성희롱 했다고 하면서 콜리그들 사진 막 올리던데 너무...,1,1,1369.0,,,Twitter for iPhone
2023-03-14 23:45:27+00:00,1635789269217280000,YuriOrlovKr,Yuri (답십리 홍사장),,,대마랑 엘에스디 좀 할수도 있지. 그 결과가 잡스의 아이폰이여.,4,0,1481.0,,,Twitter for Android
2023-03-13 23:51:49+00:00,1635428480153427968,EvitaBebe3,Evita Bebe,,,"#정글주스  
☞ 텔레그램24시상담 : p i n k m a n 1 1 4 
  
경북인증업체  
  
전국엘에스디  
  
이두삼  
  
대전히로뽕  
  
포도허브  
  
삥두 https://t.co/CgrRVnON7b",0,0,39.0,['정글주스'],"[Photo(previewUrl='https://pbs.twimg.com/media/FrI1gWmaYAAIdWx?format=jpg&name=small', fullUrl='https://pbs.twimg.com/media/FrI1gWmaYAAIdWx?format=jpg&name=orig', altText=None)]",Twitter Web App
2023-03-13 21:35:54+00:00,1635394278276091904,MikkiMila2,Mikki Mila,,,"#인슐린  
○ 텔레그램24시상담 : p i n k m a n 1 1 4 
  
강서대마초  
  
좌표딜러구함  
  
창원엘에스디  
  
경남드랍퍼모집  
  
충청도딜러  
  
경남보안딜러 https://t.co/C0suOYpXVU",0,0,24.0,['인슐린'],"[Photo(previewUrl='https://pbs.twimg.com/media/FrIWZoYaIAA89Pn?format=jpg&name=small', fullUrl='https://pbs.twimg.com/media/FrIWZoYaIAA89Pn?format=jpg&name=orig', altText=None)]",Twitter Web App
2023-03-13 20:43:17+00:00,1635381034371145729,MarxRutha,Marx Rutha,,,"#케타민원석구매처  
☏ 텔레그램24시상담 : p i n k m a n 1 1 4 
  
강서크리스탈  
  
에더블하는법  
  
GHB  
  
파퍼구매방법  
  
경상도엘에스디  
  
마리화나 https://t.co/7crFscxqJ4",0,0,11.0,['케타민원석구매처'],"[Photo(previewUrl='https://pbs.twimg.com/media/FrIKWseaIAANcI-?format=jpg&name=small', fullUrl='https://pbs.twimg.com/media/FrIKWseaIAANcI-?format=jpg&name=orig', altText=None)]",Twitter Web App
2023-03-13 19:57:35+00:00,1635369533878968320,kayla_shanta,Shanta Kayla,,,"#패치  
☏ 텔레그램24시상담 : p i n k m a n 1 1 4 
  
부산삥두  
  
떨액구입방법  
  
충청도드랍퍼모집  
  
도리도리구매  
  
떨리퀴드  
  
엘에스디파는곳 https://t.co/Oqmsa9iE5o",0,0,8.0,['패치'],"[Photo(previewUrl='https://pbs.twimg.com/media/FrH_2fQacAAF9bm?format=jpg&name=small', fullUrl='https://pbs.twimg.com/media/FrH_2fQacAAF9bm?format=jpg&name=orig', altText=None)]",Twitter Web App
2023-03-13 19:32:57+00:00,1635363334651514882,VernonRobbi1,Vernon Robbi,,,"#사끼사는방법  
● 텔레그램24시상담 : p i n k m a n 1 1 4 
  
콕판매  
  
도리도리구매  
  
충북액상떨  
  
몰리  
  
환각버섯  
  
엘에스디 https://t.co/wwZOrb4URN",0,0,17.0,['사끼사는방법'],"[Photo(previewUrl='https://pbs.twimg.com/media/FrH6O4baUAEBKIY?format=jpg&name=small', fullUrl='https://pbs.twimg.com/media/FrH6O4baUAEBKIY?format=jpg&name=orig', altText=None)]",Twitter Web App
2023-03-13 19:26:03+00:00,1635361597307891712,KayceeAkiko,Akiko Kaycee,,,"#전국액상대마  
▶ 텔레그램24시상담 : p i n k m a n 1 1 4 
  
성남브액  
  
전국안전업체  
  
신속드랍  
  
경상도엘에스디  
  
크리스탈판매합니다  
  
전북액상떨 https://t.co/R3DkQtS7AU",0,0,7.0,['전국액상대마'],"[Photo(previewUrl='https://pbs.twimg.com/media/FrH4rRIaAAYNxib?format=jpg&name=small', fullUrl='https://pbs.twimg.com/media/FrH4rRIaAAYNxib?format=jpg&name=orig', altText=None)]",Twitter Web App
2023-03-12 16:16:38+00:00,1634951541168934918,IluminadaRosy,광수원프로포폴 작대기술 몰리(콕가격),,,"♠ ㅌㄹㄱㄹ 24시상담 : p i n k m a n 1 1 4 
  
엑시터시 창원사탕 
  
경기도케이 펜타닐 
  
인천엘에스디 케타민 
  
#충남헤로인 https://t.co/VWWaEgDBuY",0,0,67.0,['충남헤로인'],"[Photo(previewUrl='https://pbs.twimg.com/media/FrCDt8haMAIGvXB?format=jpg&name=small', fullUrl='https://pbs.twimg.com/media/FrCDt8haMAIGvXB?format=jpg&name=orig', altText=None)]",Twitter Web App
2023-03-12 16:01:08+00:00,1634947644492763144,dlflsk_,|멍청이| 컴션사량 자캐사량 량 _:(´ཀ`」 ∠):,,알티알티알티알티한다아아아아아,"# ㄱ에서_ㅎ까지_바로_생각난_커뮤를_적어보자

ㄱ-
ㄴ-
ㄷ- 대마커
ㄹ-
ㅁ-
ㅂ- 붉은몽
ㅅ- 수레커
ㅇ- 오지리고, 엘에스디 였나?
ㅈ- 진혼곡
ㅊ- 
ㅋ- 코드 루모스
ㅌ-
ㅍ-
ㅎ- 

그 외에는 기억에서 삭제됨,,,",1,0,38.0,,,Twitter for Android
2023-03-12 11:15:21+00:00,1634875723952553985,LienBrenna,파퍼구매처 클럽파티 각성제(수원딜러),,,"▷ 텔레그램24시상담 : p i n k m a n 1 1 4 
  
강동크리스탈 대마 
  
댑 엑시터시 
  
엘에스디 작대기아이스팝니다 
  
#삥두 https://t.co/3nLYNTdbOR",0,0,16.0,['삥두'],"[Photo(previewUrl='https://pbs.twimg.com/media/FrA-vouaEAUitq4?format=jpg&name=small', fullUrl='https://pbs.twimg.com/media/FrA-vouaEAUitq4?format=jpg&name=orig', altText=None)]",Twitter Web App
2023-03-11 08:23:18+00:00,1634470038718783488,rashellbanares,러쉬구하는법 랏슈 용인삥두(),,manila,"▷ ㅌㄹㄱㄹ : p i n k m a n 1 1 4 
  
인천떨  
보안좌표  
서울졸피뎀  
사탕파는곳  
전라도엘에스디  
해시시후기  
#광주환각버섯 https://t.co/NTbOVbPKmZ",0,0,130.0,['광주환각버섯'],"[Photo(previewUrl='https://pbs.twimg.com/media/Fq7NzspaUAAVkUr?format=jpg&name=small', fullUrl='https://pbs.twimg.com/media/Fq7NzspaUAAVkUr?format=jpg&name=orig', altText=None)]",Twitter Web App
2023-03-09 08:09:03+00:00,1633741675431628800,alvinaustria21,alvin austria,,,"#성남버드  
♡ 텔레그램 채널  p i n k m a n 1 1 4 0 
  
광주엘에스디  
  
수원찬술  
  
떨액효과  
  
펜타닐판매처  
  
대구좌표딜러구함  
  
인디카 https://t.co/jTwwIJE0Te",0,0,121.0,['성남버드'],"[Photo(previewUrl='https://pbs.twimg.com/media/Fqw3XW3akAId1lE?format=jpg&name=small', fullUrl='https://pbs.twimg.com/media/Fqw3XW3akAId1lE?format=jpg&name=orig', altText=None)]",Twitter Web App
2023-03-08 19:00:59+00:00,1633543353349591040,alvinaustria21,alvin austria,,,"#충북weed  
▶ 텔레그램 채널  p i n k m a n 1 1 4 0 
  
용인아이스  
  
콕구매방법  
  
엘에스디구매  
  
강동드라퍼모집  
  
충북해시시  
  
찬술 https://t.co/JJKxEAUCZ3",0,0,25.0,['충북weed'],"[Photo(previewUrl='https://pbs.twimg.com/media/FquC94UagAAyT0f?format=jpg&name=small', fullUrl='https://pbs.twimg.com/media/FquC94UagAAyT0f?format=jpg&name=orig', altText=None)]",Twitter Web App
2023-03-08 17:20:47+00:00,1633518134677364736,sambudi1982,sambudi,,,"#대마액상구매  
♠ 텔레그램 채널  p i n k m a n 1 1 4 0 
  
옥시코돈구매하는법  
  
뽕아이스하는방법  
  
아이스뽕상선  
  
우유주사구입하는법  
  
강서보안업체  
  
세종엘에스디 https://t.co/i5DuaHtaYO",0,0,33.0,['대마액상구매'],"[Photo(previewUrl='https://pbs.twimg.com/media/FqtsB1oaUAE2U8C?format=jpg&name=small', fullUrl='https://pbs.twimg.com/media/FqtsB1oaUAE2U8C?format=jpg&name=orig', altText=None)]",Twitter Web App
2023-03-08 04:08:09+00:00,1633318662059986946,hassanmatawala,충남포사끼구매울산weed 경남밀크케이 떨액상(대전수면유도제),,india,"☎ 텔 I D : p i n k m a n 1 1 4 
  
성남액상떨  
강서GHB  
케타민원석구하는법  
전국고퀄아이스  
크리스탈효과  
전라도엘에스디  
  
#전국디스펜서리 https://t.co/9DOj4wILm8",0,0,63.0,['전국디스펜서리'],"[Photo(previewUrl='https://pbs.twimg.com/media/Fqq2n6KaMAAZcQl?format=jpg&name=small', fullUrl='https://pbs.twimg.com/media/Fqq2n6KaMAAZcQl?format=jpg&name=orig', altText=None)]",Twitter Web App
2023-03-06 21:46:32+00:00,1632860237773557762,hassanmatawala,충남포사끼구매울산weed 경남밀크케이 떨액상(대전수면유도제),,india,"★ 텔id: p i n k m a n 1 1 4 
  
도리도리하는방법  
보안업체  
엘에스디상선  
도리도리구입  
강동클럽drug  
코데인구하는법  
#강원도신속배송 https://t.co/FXhfNAvjWw",0,0,47.0,['강원도신속배송'],"[Photo(previewUrl='https://pbs.twimg.com/media/FqkVrrkaUAAlaR1?format=jpg&name=small', fullUrl='https://pbs.twimg.com/media/FqkVrrkaUAAlaR1?format=jpg&name=orig', altText=None)]",Twitter Web App
2023-03-06 14:45:23+00:00,1632754251477950469,LedxaLimrasco,파퍼구입해시시구하는법 원석케타민 창원사탕(강원도고기),,,"● 텔id: p i n k m a n 1 1 4 
  
전북파티drug  
북한산아이스하는방법  
대구엘에스디  
정글주스  
강원도최음제  
파티마약효과  
#케이후기 https://t.co/6suTylud74",0,0,170.0,['케이후기'],"[Photo(previewUrl='https://pbs.twimg.com/media/Fqi1TIrakAA6l0O?format=jpg&name=small', fullUrl='https://pbs.twimg.com/media/Fqi1TIrakAA6l0O?format=jpg&name=orig', altText=None)]",Twitter Web App
2023-03-04 23:35:07+00:00,1632162789321048064,jeongyongi,은대구,,드래곤 힐,"엘에스디라는 섹스토이샵 아름 조왓음
사장님이 이것저것 할인 많이해줌",0,0,193.0,,,Twitter for Android
2023-03-02 12:03:47+00:00,1631264032580829187,fierdhamaulana,fierdha maulana,,,"▷ 텔 레 문의 - pink m a n 114 
전북드랍  
강남드라퍼  
경기도엘에스디  
랏슈후기  
합성대마팝니다  
  
#케타민밀크구입 https://t.co/8Mcf1m8eql",0,0,59.0,['케타민밀크구입'],"[Photo(previewUrl='https://pbs.twimg.com/media/FqNp7DSaQAIhXOA?format=jpg&name=small', fullUrl='https://pbs.twimg.com/media/FqNp7DSaQAIhXOA?format=jpg&name=orig', altText=None)]",Twitter Web App
2023-03-02 10:54:27+00:00,1631246583626088448,RefugiaBurr1746,Refugia Burr,,,"● 텔 레 문의 - pink m a n 114 
충청도엘에스디  
충청도아이스뽕  
대전액떨  
작대기구매방법  
댑구입하는법  
  
#대마초상선 https://t.co/FQqYYuTka6",0,0,28.0,['대마초상선'],"[Photo(previewUrl='https://pbs.twimg.com/media/FqNaGKMaYAEWNlR?format=png&name=small', fullUrl='https://pbs.twimg.com/media/FqNaGKMaYAEWNlR?format=png&name=orig', altText=None)]",Twitter Web App
2023-03-02 08:01:55+00:00,1631203166552469505,brookezachary57,brookezachary,,,"♧ 텔 레 문의 - pink m a n 114 
경북엘에스디  
발정제팝니다  
용인코데인  
모르핀사는곳  
파퍼  
  
#프로포폴파는곳 https://t.co/y6ehS5XyfB",0,0,37.0,['프로포폴파는곳'],"[Photo(previewUrl='https://pbs.twimg.com/media/FqMynIVagAIm_rn?format=jpg&name=small', fullUrl='https://pbs.twimg.com/media/FqMynIVagAIm_rn?format=jpg&name=orig', altText=None)]",Twitter Web App
2023-03-02 07:09:56+00:00,1631190083117404160,DANDYCASILAS,DANDY CASILAS,,,"▶ 텔 레 문의 - pink m a n 114 
경상도대마초  
경상도스틸녹스  
창원엘에스디  
액상떨  
합성대마초  
  
#북한산빙두도매 https://t.co/B7Tnx8kmkB",0,0,44.0,['북한산빙두도매'],"[Photo(previewUrl='https://pbs.twimg.com/media/FqMmsIWaAAU2FtT?format=jpg&name=small', fullUrl='https://pbs.twimg.com/media/FqMmsIWaAAU2FtT?format=jpg&name=orig', altText=None)]",Twitter Web App
2023-03-02 04:17:50+00:00,1631146771601829888,rhon_rhonz,rhona,,,"▷ 텔 레 문의 - pink m a n 114 
엘에스디  
마리화나구하는법  
경상도케이  
콕  
수원대마  
  
#충북북한산아이스 https://t.co/cEfJajLL7A",0,0,19.0,['충북북한산아이스'],"[Photo(previewUrl='https://pbs.twimg.com/media/FqL_S2XaAAEyS2Q?format=jpg&name=small', fullUrl='https://pbs.twimg.com/media/FqL_S2XaAAEyS2Q?format=jpg&name=orig', altText=None)]",Twitter Web App
2023-03-02 02:55:32+00:00,1631126059344338944,bhieangel,bhie abaya,,,"☎ 텔 레 문의 - pink m a n 114 
도리도리구매  
딜러  
충남신속배송  
대마초  
엘에스디구입하는법  
  
#인천액브 https://t.co/ftN2r9kVjb",0,0,9.0,['인천액브'],"[Photo(previewUrl='https://pbs.twimg.com/media/FqLsfMDakAADRYO?format=jpg&name=small', fullUrl='https://pbs.twimg.com/media/FqLsfMDakAADRYO?format=jpg&name=orig', altText=None)]",Twitter Web App
2023-03-01 18:27:06+00:00,1630998107843629056,EugeneWindover3,Eugene Windover,,,"◈ 텔 레 문의 - pink m a n 114 
성남Molly  
암페타민하는방법  
아이스  
액상떨가격  
엘에스디구입하는방법  
  
#마취제 https://t.co/239kH43vD2",0,0,24.0,['마취제'],"[Photo(previewUrl='https://pbs.twimg.com/media/FqJ4HDWaAAAFLON?format=jpg&name=small', fullUrl='https://pbs.twimg.com/media/FqJ4HDWaAAAFLON?format=jpg&name=orig', altText=None)]",Twitter Web App
2023-03-01 13:13:57+00:00,1630919305058713600,fierdhamaulana,fierdha maulana,,,"♡ 텔 레 문의 - pink m a n 114 
대마초  
고기팔아요  
작대기술구매처  
용인엘에스디  
떨액사는법  
  
#전남찬술 https://t.co/RJiXJjCyGc",0,0,19.0,['전남찬술'],"[Photo(previewUrl='https://pbs.twimg.com/media/FqIwcPSaQAAedKC?format=jpg&name=small', fullUrl='https://pbs.twimg.com/media/FqIwcPSaQAAedKC?format=jpg&name=orig', altText=None)]",Twitter Web App
2023-03-01 01:11:33+00:00,1630737504445005826,aderihadatul,ade,,,"♠ 텔 레 그 램 - p i n k m a n 114 
  
전국고퀄아이스  
콕사는곳  
엘에스디사는곳  
창원원석케타민  
얼음  
대마  
  
#합성떨구입하는방법 https://t.co/MMSWtHhq7Q",0,0,21.0,['합성떨구입하는방법'],"[Photo(previewUrl='https://pbs.twimg.com/media/FqGLEt9acAIKvyP?format=jpg&name=small', fullUrl='https://pbs.twimg.com/media/FqGLEt9acAIKvyP?format=jpg&name=orig', altText=None)]",Twitter Web App
2023-02-28 22:23:19+00:00,1630695166272208896,yopiariztian,yopi,,,"☏ 텔 레 그 램 - p i n k m a n 114 
  
졸피뎀구하는곳  
머쉬룸사는곳  
케이구하는법  
서울엘에스디  
액상떨팝니다  
필로폰팔아요  
  
#해시시 https://t.co/sDUrd39kwY",0,0,11.0,['해시시'],"[Photo(previewUrl='https://pbs.twimg.com/media/FqFklwzakAAXHtM?format=jpg&name=small', fullUrl='https://pbs.twimg.com/media/FqFklwzakAAXHtM?format=jpg&name=orig', altText=None)]",Twitter Web App
2023-02-28 20:51:07+00:00,1630671964569493514,Cruickshank43o,ginnie Cruickshank,,,"▷ 텔 레 그 램 - p i n k m a n 114 
  
전북우유주사  
세종엘에스디  
강북스틸녹스  
경기도원석케이  
경남스틸녹스  
황술사는법  
  
#해시시구매처 https://t.co/fOEJE3TNGt",0,0,57.0,['해시시구매처'],"[Photo(previewUrl='https://pbs.twimg.com/media/FqFPejRaMAAtc5T?format=jpg&name=small', fullUrl='https://pbs.twimg.com/media/FqFPejRaMAAtc5T?format=jpg&name=orig', altText=None)]",Twitter Web App
2023-02-28 15:38:25+00:00,1630593273034317828,Grinham03i,kaylee Grinham,,,"● 텔 레 그 램 - p i n k m a n 114 
  
강서아이스  
전라도빙두  
광주엑시터시  
마취제하는방법  
수원엘에스디  
환각제  
  
#경기도LSD https://t.co/FiR1jr2XVf",0,0,39.0,['경기도LSD'],"[Photo(previewUrl='https://pbs.twimg.com/media/FqEH6x5acAEdjsf?format=jpg&name=small', fullUrl='https://pbs.twimg.com/media/FqEH6x5acAEdjsf?format=jpg&name=orig', altText=None)]",Twitter Web App
2023-02-28 15:01:45+00:00,1630584044919607296,ikizchan,ikiz chan,,,"☏ 텔 레 그 램 - p i n k m a n 114 
  
부산케타민원석  
작대기사는법  
인천하선구함  
모르핀구입방법  
대구모르핀  
엘에스디구매처  
  
#펜타닐파는곳 https://t.co/gUFx4UKZ1y",0,0,31.0,['펜타닐파는곳'],"[Photo(previewUrl='https://pbs.twimg.com/media/FqD_focagAAw3Ls?format=jpg&name=small', fullUrl='https://pbs.twimg.com/media/FqD_focagAAw3Ls?format=jpg&name=orig', altText=None)]",Twitter Web App
2023-02-28 10:21:49+00:00,1630513598362697729,paperintheline,paperintheline,,,"☆ 텔레24시상담 - p i n k m a n 114 
  
엘에스디  
대구인증업자  
수원인증업자  
서울전문딜러  
강북매직머쉬룸  
뽕하는법  
#충북MDMA https://t.co/NwOx69yA8V",0,0,41.0,['충북MDMA'],"[Photo(previewUrl='https://pbs.twimg.com/media/FqC_cwJaIAEcqzb?format=jpg&name=small', fullUrl='https://pbs.twimg.com/media/FqC_cwJaIAEcqzb?format=jpg&name=orig', altText=None)]",Twitter Web App
2023-02-28 09:34:10+00:00,1630501603286601729,Banerd35k,danice Banerd,,,"☎ 텔레24시상담 - p i n k m a n 114 
  
전남케이밀크  
세종마약  
강북보안업체  
빙두판매합니다  
작대기술구매방법  
엘에스디사는곳  
#드러그팝니다 https://t.co/8UGMjUQbwP",0,0,35.0,['드러그팝니다'],"[Photo(previewUrl='https://pbs.twimg.com/media/FqC0i2jaMAAA0LM?format=jpg&name=small', fullUrl='https://pbs.twimg.com/media/FqC0i2jaMAAA0LM?format=jpg&name=orig', altText=None)]",Twitter Web App
2023-02-28 08:08:29+00:00,1630480042613706752,BiebMagineLive,BiebMagineLive,,,"● 텔레24시상담 - p i n k m a n 114 
  
Molly구하는법  
마리화나  
s케타민사는방법  
엘에스디구입  
버드  
러쉬팔아요  
#물뽕가격 https://t.co/OaACg4hlZQ",0,0,6.0,['물뽕가격'],"[Photo(previewUrl='https://pbs.twimg.com/media/FqCg7tkaAAI1jw2?format=jpg&name=small', fullUrl='https://pbs.twimg.com/media/FqCg7tkaAAI1jw2?format=jpg&name=orig', altText=None)]",Twitter Web App
2023-02-28 04:20:42+00:00,1630422720046575616,renz_jet,raizin macalapan,,,"♧ 텔레24시상담 - p i n k m a n 114 
  
원석케타민사는곳  
성남북한산술  
수원작대기술  
부산사탕  
전국엘에스디  
디스펜서리판매합니다  
#대마 https://t.co/TPoNXpjELS",0,0,50.0,['대마'],"[Photo(previewUrl='https://pbs.twimg.com/media/FqBsvdfaAAU7xIW?format=jpg&name=small', fullUrl='https://pbs.twimg.com/media/FqBsvdfaAAU7xIW?format=jpg&name=orig', altText=None)]",Twitter Web App
2023-02-28 02:17:11+00:00,1630391635455676416,davechu21,dave chu,,,"★ 텔레24시상담 - p i n k m a n 114 
  
전국인슐린  
용인빙두  
하이드로몰핀  
후리  
차가운술사는법  
전북엘에스디  
#코카인구매방법 https://t.co/6bz9fQGAQW",0,0,20.0,['코카인구매방법'],"[Photo(previewUrl='https://pbs.twimg.com/media/FqBQhdBaEAMn_Kj?format=jpg&name=small', fullUrl='https://pbs.twimg.com/media/FqBQhdBaEAMn_Kj?format=jpg&name=orig', altText=None)]",Twitter Web App
2023-02-28 02:03:23+00:00,1630388163209494528,nurwindaastuti,nurwinda astuti,,,"● 텔레24시상담 - p i n k m a n 114 
  
수면제구입하는방법  
조인트  
수원황술  
드랍퍼  
파퍼  
엘에스디  
#드라퍼구인 https://t.co/YyP1VbyXFY",0,0,39.0,['드라퍼구인'],"[Photo(previewUrl='https://pbs.twimg.com/media/FqBNWbbaEAA8_zk?format=jpg&name=small', fullUrl='https://pbs.twimg.com/media/FqBNWbbaEAA8_zk?format=jpg&name=orig', altText=None)]",Twitter Web App
2023-02-28 01:03:52+00:00,1630373182392926208,paperintheline,paperintheline,,,"▶ 텔레24시상담 - p i n k m a n 114 
  
엘에스디판매처  
서울드라퍼구인  
케미컬  
울산드랍퍼구인  
얼음술구입하는법  
수면제  
#헤로인판매합니다 https://t.co/NvIZm4YjwQ",0,0,29.0,['헤로인판매합니다'],"[Photo(previewUrl='https://pbs.twimg.com/media/FqA_ttQaIAAgHMR?format=jpg&name=small', fullUrl='https://pbs.twimg.com/media/FqA_ttQaIAAgHMR?format=jpg&name=orig', altText=None)]",Twitter Web App
2023-02-28 00:46:37+00:00,1630368841439268866,Darlington900,annaliese Darlington,,,"♥ 텔레24시상담 - p i n k m a n 114 
  
수원버드  
사끼가격  
울산도리도리  
얼음  
엘에스디팝니다  
케타민원석  
#케미컬약효과 https://t.co/hI6JERD5zI",0,0,90.0,['케미컬약효과'],"[Photo(previewUrl='https://pbs.twimg.com/media/FqA7yTraIAAiGY-?format=jpg&name=small', fullUrl='https://pbs.twimg.com/media/FqA7yTraIAAiGY-?format=jpg&name=orig', altText=None)]",Twitter Web App
2023-02-28 00:14:32+00:00,1630360769958404097,Banerd35k,danice Banerd,,,"♡ 텔레24시상담 - p i n k m a n 114 
  
하선모집  
광주케타민  
강동우유주사  
LSD판매합니다  
충남엘에스디  
조인트효과  
#울산마리화나 https://t.co/VogEzwdqMV",0,0,27.0,['울산마리화나'],"[Photo(previewUrl='https://pbs.twimg.com/media/FqA0dH7aYAA4cc3?format=jpg&name=small', fullUrl='https://pbs.twimg.com/media/FqA0dH7aYAA4cc3?format=jpg&name=orig', altText=None)]",Twitter Web App
2023-02-26 20:23:48+00:00,1629940312700522496,linamarriegee,충북진통제브수원충남밀크케이 포도허브 하이드로몰핀(합성대마하는방법),,,"☏ telegram: p i n k m a n 114 
  
성남아이스뽕  
우유주사구입하는방법  
떨액판매처  
작대기아이스  
수원엘에스디  
세종러쉬  
  
#서울파퍼 https://t.co/3bzjV2eNJM",0,0,50.0,['서울파퍼'],"[Photo(previewUrl='https://pbs.twimg.com/media/Fp62DM9aIAEwvYG?format=png&name=small', fullUrl='https://pbs.twimg.com/media/Fp62DM9aIAEwvYG?format=png&name=orig', altText=None)]",Twitter Web App
2023-02-25 20:06:58+00:00,1629573688663375873,carmelaflrez,Carmela Delvalle,,,"#강동파티drug  
◈ ㅌㄹㄱㄹ : p i n k m a n 1 1 4 
  
전라도엘에스디  
합성대마초  
용인드러그  
강원도밀크케타민  
인천s케타민  
서울환각제 https://t.co/7ZuXqRGwmi",0,0,16.0,['강동파티drug'],"[Photo(previewUrl='https://pbs.twimg.com/media/Fp1olm3acAAk_ew?format=jpg&name=small', fullUrl='https://pbs.twimg.com/media/Fp1olm3acAAk_ew?format=jpg&name=orig', altText=None)]",Twitter Web App
2023-02-25 13:31:54+00:00,1629474267040710657,carmelaflrez,Carmela Delvalle,,,"#성남LSD  
☞ ㅌㄹㄱㄹ : p i n k m a n 1 1 4 
  
강남드랍퍼  
대전신속드랍  
대전하이드로몰핀  
조인트사는방법  
대마도매  
엘에스디 https://t.co/yA1CkOP5jq",0,0,63.0,['성남LSD'],"[Photo(previewUrl='https://pbs.twimg.com/media/Fp0OLGdaYAALHMk?format=jpg&name=small', fullUrl='https://pbs.twimg.com/media/Fp0OLGdaYAALHMk?format=jpg&name=orig', altText=None)]",Twitter Web App
2023-02-25 11:27:05+00:00,1629442855881293824,sws0092,sws0092,,,"#강서드랍  
★ ㅌㄹㄱㄹ : p i n k m a n 1 1 4 
  
전북엘에스디  
스페셜케타민  
충남좌표  
고퀄아이스팝니다  
캔디판매  
서울드라퍼모집 https://t.co/UZP93v6TK2",0,0,27.0,['강서드랍'],"[Photo(previewUrl='https://pbs.twimg.com/media/FpzxlA5aUAQ4I22?format=jpg&name=small', fullUrl='https://pbs.twimg.com/media/FpzxlA5aUAQ4I22?format=jpg&name=orig', altText=None)]",Twitter Web App
2023-02-24 18:58:11+00:00,1629193994348658688,mhmdafsha,경기도경기도드러그 케이캔디 경상도뽕아이스(경기도케타민원석),,,"★ 텔레: p i n k man 114 
  
세종드랍퍼  
  
드랍퍼모집  
  
엘에스디구하는곳  
  
마취제팝니다  
  
경남인증딜러  
  
아이스뽕가격  
#전북도리도리 https://t.co/xXOZGZ8ELV",0,0,13.0,['전북도리도리'],"[Photo(previewUrl='https://pbs.twimg.com/media/FpwPRGeaIAEBlSZ?format=jpg&name=small', fullUrl='https://pbs.twimg.com/media/FpwPRGeaIAEBlSZ?format=jpg&name=orig', altText=None)]",Twitter Web App
2023-02-24 17:19:11+00:00,1629169078844940288,MeravelRamos,엑케이원석도매 울산졸피뎀 마리화나(대구스페셜케타민),,,"▶ 텔레: p i n k man 114 
  
엘에스디  
  
강동발정제  
  
drug사는방법  
  
졸피뎀  
  
원석케이  
  
엑시터시효과  
#weed https://t.co/jXlhxDLBJY",0,0,129.0,['weed'],"[Photo(previewUrl='https://pbs.twimg.com/media/Fpv4np-aQAE_k2m?format=jpg&name=small', fullUrl='https://pbs.twimg.com/media/Fpv4np-aQAE_k2m?format=jpg&name=orig', altText=None)]",Twitter Web App
2023-02-22 22:29:47+00:00,1628522466632151040,popelweekel,popelweekel,,,"☎ 텔 레 문 의 pinkman1140 
  
대전좌표딜러모집 황술구입 
허브사는법 충청도아이스 
서울엘에스디 강원도안전업체 
아이스뽕구하는법 울산디스펜서리 
  
#콕도매 https://t.co/aQSlBqlepS",0,0,35.0,['콕도매'],"[Photo(previewUrl='https://pbs.twimg.com/media/FpmshsmaIAAHxA4?format=jpg&name=small', fullUrl='https://pbs.twimg.com/media/FpmshsmaIAAHxA4?format=jpg&name=orig', altText=None)]",Twitter Web App
2023-02-22 17:27:43+00:00,1628446452249939969,syafirah07,Nurul Safirah,,,"● 텔레채널 &gt;pinkman114&lt; 
  
마취제하는법 강남안전좌표 
랏슈 울산트라마돌 
전남대마 서울엘에스디 
떨액상 경기도캔디 
  
#얼음팔아요 https://t.co/EUWcnBjYJK",0,0,60.0,['얼음팔아요'],"[Photo(previewUrl='https://pbs.twimg.com/media/FplnZbaakAEIvMx?format=jpg&name=small', fullUrl='https://pbs.twimg.com/media/FplnZbaakAEIvMx?format=jpg&name=orig', altText=None)]",Twitter Web App
2023-02-21 11:21:28+00:00,1627991894105128960,LubnaWibi,T E L : 텔레ID pinkman114 인증딜러 핑크맨 신뢰 정직 안전(러쉬),,,"★ Telegram ID :  p i n k m a n 1140 ☎ 
#엑시터시하는방법  
  
드라퍼모집 물뽕하는법 
  
드러그구입하는방법 엘에스디효과 
  
LSD가격 신의눈물판매 https://t.co/W5FbU2PwKy",0,0,25.0,['엑시터시하는방법'],"[Photo(previewUrl='https://pbs.twimg.com/media/FpfJ-WUakAA0qJo?format=jpg&name=small', fullUrl='https://pbs.twimg.com/media/FpfJ-WUakAA0qJo?format=jpg&name=orig', altText=None)]",Twitter Web App
2023-02-17 15:34:02+00:00,1626605901003231233,zunllxe,준,,플텍구독하면맞팔걸어서블블십선시킴,나 사실 형제 나란히 있는 구도는 내가그려도 엘에스디마시고 그리는 구도같아서 그냥 손을 안대게됨하...,1,0,168.0,,,Twitter for Android
2023-02-14 15:41:30+00:00,1625520615406043142,obrienoomf,북한산술사는곳 충청도찬매직머쉬정글주스구입하는방법 뽕 강원도전문딜러 버드 광주러쉬후기 액브판,,,"☎ Telegram ID :  p i n k m a n 1140 
모든인증가능 24시간상담 
  
해시시판매처 강북드랍퍼구인 
  
고퀄아이스구입방법 엘에스디 
  
떨 강동캔디 
  
#광주고퀄아이스 https://t.co/mYQHsPemhC",0,0,129.0,['광주고퀄아이스'],"[Photo(previewUrl='https://pbs.twimg.com/media/Fo8CV54akAAOd4d?format=jpg&name=small', fullUrl='https://pbs.twimg.com/media/Fo8CV54akAAOd4d?format=jpg&name=orig', altText=None)]",Twitter Web App
2023-02-09 03:50:42+00:00,1623529799724728321,giselgangsar,서울포도허브 s케타민팝니다 강북떨액,,,"● TEL : pinkman114 아이스 허브 커피파우더 케이 브액 상선 
  
엘에스디가격  
용인좌표딜러모집  
대전케이  
최음제후기  
서울합성대마  
#성남북한산빙두 #작대기아이스 https://t.co/kybgyMS4i8",0,0,108.0,"['성남북한산빙두', '작대기아이스']","[Photo(previewUrl='https://pbs.twimg.com/media/FofvtcaaMAIQwun?format=jpg&name=small', fullUrl='https://pbs.twimg.com/media/FofvtcaaMAIQwun?format=jpg&name=orig', altText=None)]",Twitter Web App
2023-02-08 20:12:56+00:00,1623414599067508736,fyclynfichrach,해시시가격 우유주사하는방법 전남케타민밀크,,,"▶ T E L : pinkman114 인증딜러입니다 
  
암페타민효과  
전국보안업체  
전북엘에스디  
대마액상구입하는법  
충북차가운술  
#부산액상대마 #아이스뽕구매방법 https://t.co/0ZQBCyGex0",0,0,57.0,"['부산액상대마', '아이스뽕구매방법']","[Photo(previewUrl='https://pbs.twimg.com/media/FoeG8nMaEAEwPG2?format=png&name=small', fullUrl='https://pbs.twimg.com/media/FoeG8nMaEAEwPG2?format=png&name=orig', altText=None)]",Twitter Web App
2023-02-07 15:52:58+00:00,1622986786149650432,fiendafriend,Mian,,,"#weed  
☆ 상담텔레 pinkman114 💎 후기인증텔레 pinkman1140 
  
마리화나  
  
섹스마약사는법  
  
엘에스디판매합니다  
  
브액판매처  
  
허브  
  
브액판매 https://t.co/TAKVULSiIA",0,0,113.0,['weed'],"[Photo(previewUrl='https://pbs.twimg.com/media/FoYB2n8aQAA60zJ?format=jpg&name=small', fullUrl='https://pbs.twimg.com/media/FoYB2n8aQAA60zJ?format=jpg&name=orig', altText=None)]",Twitter Web App
2023-02-06 07:10:24+00:00,1622492891888361472,aegi87,애기,,,엘에스디가 6탭에 45~50이다 차라리 똑같이 불법할거 애씨드나 처 해라 병신들아,6,0,721.0,,,Twitter for iPhone
2023-02-06 02:07:35+00:00,1622416685029539841,dr_none2010,발정제도매 머쉬룸후기(케이밀크하는법),,,"▷ 후기 및 공지채널 텔레pinkman1140 
  
액상떨구하는곳  
경기도전문딜러  
하우스파티  
엘에스디구매  
아이스파는곳  
졸피뎀팝니다  
#합성떨구하는법  
#충남즉시좌표 https://t.co/3ncGHnOMut",0,0,62.0,"['합성떨구하는법', '충남즉시좌표']","[Photo(previewUrl='https://pbs.twimg.com/media/FoP7UCCagAAkvcx?format=jpg&name=small', fullUrl='https://pbs.twimg.com/media/FoP7UCCagAAkvcx?format=jpg&name=orig', altText=None)]",Twitter Web App
2023-02-04 17:55:54+00:00,1621930560485752832,ImUR_Doctor666,방제수,,아이하나가겨우들어갈수있을정도로작은무덤이있었다|,@Y2jj0lHf 걸어 나왔다고는 아- 무도 안 했거든. 그러게. 일반 짭새가 어떻게 마약 시장에서 엘에스디 계열만큼은 먹었다는 전 동천파 깡패 새끼를 알고 있을까. 근데 사실 심증밖에 없는데 찔러본 거였거든. 확인됐네? 도강재. https://t.co/7TXzkcb31K,0,0,76.0,,"[Gif(thumbnailUrl='https://pbs.twimg.com/tweet_video_thumb/FoJBNidacAADHx5.jpg', variants=[VideoVariant(url='https://video.twimg.com/tweet_video/FoJBNidacAADHx5.mp4', contentType='video/mp4', bitrate=0)], altText=None)]",Twitter for Android
2023-01-30 17:17:10+00:00,1620108872844476417,adnanriyadhi84,adnan riyadhi,,Bogor,"◈ 서울 즉시좌표 ㅌㄹJOKERS911 
#합성떨사는법  
#밀크케타민  
  
강동드라퍼구인  
찬술판매  
엘에스디구입하는방법  
강원도안전좌표  
케이캔디구입하는법 https://t.co/hrnlaU7wBZ",0,0,24.0,"['합성떨사는법', '밀크케타민']","[Photo(previewUrl='https://pbs.twimg.com/media/FnvIZJHaAAAUUUq?format=jpg&name=small', fullUrl='https://pbs.twimg.com/media/FnvIZJHaAAAUUUq?format=jpg&name=orig', altText=None)]",Twitter Web App
2023-01-30 12:09:16+00:00,1620031388077666305,lanadelreie,빵이오헤드,,,제생각에는 이제 엘에스디랑 환각버섯해야될듯? 술금지하고?,41,34,5330.0,,,Twitter for iPhone
2023-01-30 11:52:28+00:00,1620027159732695040,jingu90777259,진구,,,"사기걱정❌
믿고거래할수있는안전한거래처🅾️
전국최저가맛집❤️

대마대마초작대기아이스
뽕히로뽕필로폰코카인
케이K케타민K원석케이원석
떨떨액브액허브허브액
LSD엘에스디Mdma
캔디몰리클럽💊강남클럽💊

🇺🇦텔레그램: @JoeLaw44🇺🇦
🇺🇦채널 https://t.co/h3EEzsnauX 🇺🇦 https://t.co/9Fcv1nANAi",0,0,17.0,,"[Photo(previewUrl='https://pbs.twimg.com/media/Fnt-G2lagAISLb0?format=jpg&name=small', fullUrl='https://pbs.twimg.com/media/Fnt-G2lagAISLb0?format=jpg&name=orig', altText=None), Photo(previewUrl='https://pbs.twimg.com/media/Fnt-G2lacAEmqMi?format=jpg&name=small', fullUrl='https://pbs.twimg.com/media/Fnt-G2lacAEmqMi?format=jpg&name=orig', altText=None)]",Twitter for iPhone
2023-01-26 15:59:10+00:00,1618639693398278147,187_bd6,주연아,,한남동경의사추,나도 엘에스디할래,0,0,81.0,,,Twitter for iPhone
2023-01-26 05:17:51+00:00,1618478301101817856,mindo0ng,민둥,,너 뒤,공식 엘에스디 하고 영상 만든 것 같음 https://t.co/8eaEt1Gzjn,3,0,95.0,,"[Video(thumbnailUrl='https://pbs.twimg.com/ext_tw_video_thumb/1618478240611577857/pu/img/Ekpo2FtxYZAgOsPu.jpg', variants=[VideoVariant(url='https://video.twimg.com/ext_tw_video/1618478240611577857/pu/vid/1280x720/xAO-0znoXoQzOKy7.mp4?tag=12', contentType='video/mp4', bitrate=2176000), VideoVariant(url='https://video.twimg.com/ext_tw_video/1618478240611577857/pu/vid/640x360/M7K0ZG4ksmRjcOl9.mp4?tag=12', contentType='video/mp4', bitrate=832000), VideoVariant(url='https://video.twimg.com/ext_tw_video/1618478240611577857/pu/pl/E2FPt9cPJkAA5NeO.m3u8?tag=12&container=fmp4', contentType='application/x-mpegURL', bitrate=None), VideoVariant(url='https://video.twimg.com/ext_tw_video/1618478240611577857/pu/vid/480x270/iaxkWxGMvG1tdgyW.mp4?tag=12', contentType='video/mp4', bitrate=256000)], duration=2.521, views=17, altText=None)]",Twitter for iPad
2023-01-24 06:14:28+00:00,1617767774096592900,wkwdl669,풀잎,,,"사기걱정❌
믿고거래할수있는안전한거래처🅾️
전국최저가맛집❤️

캔디몰리클럽💊강남클럽💊
대마대마초작대기아이스
케이K케타민K원석케이원석
떨떨액브액허브허브액
뽕히로뽕필로폰코카인
LSD엘에스디Mdma엑스터시술사끼

🇺🇦텔레그램: @JoeLaw44🇺🇦
🇺🇦채널 https://t.co/iqF2fmppeg 🇺🇦 https://t.co/cqwi5OFWaN",0,0,57.0,,"[Photo(previewUrl='https://pbs.twimg.com/media/FnN3MH7acAAyxew?format=jpg&name=small', fullUrl='https://pbs.twimg.com/media/FnN3MH7acAAyxew?format=jpg&name=orig', altText=None), Video(thumbnailUrl='https://pbs.twimg.com/ext_tw_video_thumb/1617767741301354498/pu/img/ActbBtHcN_m9H573.jpg', variants=[VideoVariant(url='https://video.twimg.com/ext_tw_video/1617767741301354498/pu/pl/X6kMD6-MXJIw2xzV.m3u8?tag=12&container=fmp4', contentType='application/x-mpegURL', bitrate=None), VideoVariant(url='https://video.twimg.com/ext_tw_video/1617767741301354498/pu/vid/320x584/U5PQTKHyGITbqfBU.mp4?tag=12', contentType='video/mp4', bitrate=632000), VideoVariant(url='https://video.twimg.com/ext_tw_video/1617767741301354498/pu/vid/464x848/OvgFFGeJPwKuGwmb.mp4?tag=12', contentType='video/mp4', bitrate=950000)], duration=11.566, views=6, altText=None), Video(thumbnailUrl='https://pbs.twimg.com/ext_tw_video_thumb/1617767741745946624/pu/img/5piBHTA0YDihdPoJ.jpg', variants=[VideoVariant(url='https://video.twimg.com/ext_tw_video/1617767741745946624/pu/pl/Aeq3DvtgQ9nYDXYk.m3u8?tag=12&container=fmp4', contentType='application/x-mpegURL', bitrate=None), VideoVariant(url='https://video.twimg.com/ext_tw_video/1617767741745946624/pu/vid/320x584/lZarr4DrclcVKeyY.mp4?tag=12', contentType='video/mp4', bitrate=632000), VideoVariant(url='https://video.twimg.com/ext_tw_video/1617767741745946624/pu/vid/464x848/BDBCPMagVXwu1i6f.mp4?tag=12', contentType='video/mp4', bitrate=950000)], duration=12.9, views=1, altText=None)]",Twitter for iPhone
2023-01-23 18:41:06+00:00,1617593281243930624,niczxaii,TELEGRAM pinkman114(케타민원석구입하는법),,Davao Region,"☏ 고단한 하루의 마무리는 이것과 함께 
♡ 제시핑크맨 ㅌㄹㄱㄹ &lt;&lt;pinkman114&gt;&gt; 
  
#허브효과  
  
강북신속배송  
고퀄아이스  
엘에스디팔아요  
옥시코돈구입하는방법  
경북좌표 https://t.co/833KmJzuCI",0,0,85.0,['허브효과'],"[Photo(previewUrl='https://pbs.twimg.com/media/FnLYfVMaMAA1UqY?format=jpg&name=small', fullUrl='https://pbs.twimg.com/media/FnLYfVMaMAA1UqY?format=jpg&name=orig', altText=None)]",Twitter Web App
2023-01-18 17:11:45+00:00,1615758858957500417,XyMihkmxyp,Jeanne,,,사람이 너무 많고 땅이 좁다보니 자유가 함부로 허락되지 않는 한국인이라는거 잘 알고 있어요… 그래서 우리는 서로 눈치보고 미워하고 각자 도생해야하죠 비단 한국인만 그러겠어요. 자원이 적고 사람이 많은데는 다 이러고 살겠죠. 어쨌거나 대마초 한모금 주세요. 기왕이면 엘에스디도 좋겠습니다.,0,0,37.0,,,Twitter for iPhone
2023-01-15 14:18:01+00:00,1614627971117219840,ilyee_1212,일이,,캘리칼리,@__nompang__ 진짜..아이디어 천재만재세요...✨️ 칸마다 킬포가 너무많네요ㅋㅋㅋㅋ과학부녀째려보는 냉면소피아 돈훔치는 소피아의 넥타이에 맞고있는 뢴과.. 칸삐져나온 융터르의 말듣고있는 춘식이와 엘에스디 단답이... 연성 너무좋아요...!!!💗 트친소 연 거 몇분전에 봐서 신청못한게 좀 아숩네요...🥲,0,0,411.0,,,Twitter for Android
2023-01-14 01:14:22+00:00,1614068371510947842,modytoto2013,고기구매방법 케이캔디구하는법 강북드랍(케이캔디),,"Port Said ,Egypt","TEL : Nicosi152 아이스 허브 커피파우더 케이 브액 상선 ▶ 
  
코데인구매방법  
GHB  
엘에스디구매처  
합성대마초  
#얼음술 #전북신속배송 #허브액상 https://t.co/MBJyIwm2nP",0,0,64.0,"['얼음술', '전북신속배송', '허브액상']","[Photo(previewUrl='https://pbs.twimg.com/media/FmZSmE9aUAADf4X?format=jpg&name=small', fullUrl='https://pbs.twimg.com/media/FmZSmE9aUAADf4X?format=jpg&name=orig', altText=None)]",Twitter Web App
2023-01-12 22:16:37+00:00,1613661250650767360,dksehdrbs77,15,,경기도,"🍰 ⚡ 🍰 ⚡ 🍰 ⚡
🎨 🎨 🎸★텔레:apam15★🛠️🔭

🚀★카톡:han-me★🏍️.
환각효과는 엘에스디(LSD), 엑스터시, 대마 등에서 강하게 나타난다.

彡💭☽(•́ε•̀;ก)💦🍶⋆¸🦢🩹
💦#정품스틸녹스구입방법💦
🦢🩹🦢🩹🦢🩹
💦#졸피뎀판매 ⎝㋡⎠
🍰 ⚡ 🍰 ⚡ 🍰 ⚡ https://t.co/Znx1mFVAzx",0,0,29.0,"['정품스틸녹스구입방법', '졸피뎀판매']","[Photo(previewUrl='https://pbs.twimg.com/media/FmTgWW5aUAIVFN5?format=jpg&name=small', fullUrl='https://pbs.twimg.com/media/FmTgWW5aUAIVFN5?format=jpg&name=orig', altText=None)]",Twitter Web App
2023-01-12 08:40:07+00:00,1613455773111324674,phildan02,코데인구매 짝대기판매합니다 마리화나(케이하는법),,Ur corner,"✐텔레 Riven420☝ ★ 
  
엘에스디 액떨 
작대기팔아요 하이브리드 
  
#디스펜서리사는방법  
#프로포폴 https://t.co/zoW8LdEVmS",0,0,69.0,"['디스펜서리사는방법', '프로포폴']","[Photo(previewUrl='https://pbs.twimg.com/media/FmQlcqOaAAAsF0a?format=jpg&name=small', fullUrl='https://pbs.twimg.com/media/FmQlcqOaAAAsF0a?format=jpg&name=orig', altText=None)]",Twitter Web App
2023-01-12 03:15:42+00:00,1613374132279988225,dokiryuki,메이아,,South Korea,엘에스디같은 후드티를 사옴 ㅇㅂㅇ… https://t.co/dYIVCtKQUU,10,0,2564.0,,"[Photo(previewUrl='https://pbs.twimg.com/media/FmPbOA2aUAA2Xbn?format=jpg&name=small', fullUrl='https://pbs.twimg.com/media/FmPbOA2aUAA2Xbn?format=jpg&name=orig', altText=None)]",Twitter for iPhone
2023-01-09 11:13:48+00:00,1612407285153943553,BeckyLe28383985,T E L : BRN7008 종이의집(강서좌표),,,"☝ 텔 레 문 의 B R N 7008 ♦  
  
▣인증보안딜러📛 좌표 최대 1시간 발급  
  
엘에스디 weed판매합니다 
#강남보안좌표 #충청도안전업체 https://t.co/kb6IBWhli7",0,0,35.0,"['강남보안좌표', '충청도안전업체']","[Photo(previewUrl='https://pbs.twimg.com/media/FmBr2QTaMAEz-ei?format=jpg&name=small', fullUrl='https://pbs.twimg.com/media/FmBr2QTaMAEz-ei?format=jpg&name=orig', altText=None)]",Twitter Web App
2022-12-12 15:10:46+00:00,1602320058021457920,_cloud_stickman,해구름☁,,님캐 뒷통수,엘에스디 no new friends였나 그것도 좋아요.....저 거기 노래는 다 들음,3,0,,,,Twitter for Android
2022-12-11 01:55:24+00:00,1601757509676855301,10bosal,WyChang 데헷~,,Seoul,"외부에서 전달되어오는 정보를 통합하고 이를 과거의 경험과 연결하여 생존에 적절한 반응을 나타내도록 각종 신경 네트워크 활성을 조절하고, 보통 상태에서와 다르게 변화시킴으로써 엘에스디가 새로운 차원의 인지 기능을 발휘…
천사와 악마? 두 얼굴의 정신질환 치료제 https://t.co/o9JzPkutGq",0,0,,,,Twitter for iPad
2022-12-06 16:01:54+00:00,1600158600877731841,ProllpoP,NEXTrevelyan,,대한민국 공주시,엘에스디가 누군가에겐 환상약이긴 하겠다....,2,3,,,,Twitter Web App
2022-12-06 15:33:18+00:00,1600151403103916032,memmuhhg1,몽몽,,,"°へ°🏹     #스틸녹스판매     🎯
🎸텔레:wame658🛠️라인:popu12🔭
🚀카톡:kodak8🏍️
📎클로로포름📎 
📎 
📎 #정품스틸녹스판매📎 
📎 #정품스틸녹스구입방법📎 
📎 
환각효과는 엘에스디(LSD), 엑스터시, 대마 등에서 강하게 나타난다.",0,0,,"['스틸녹스판매', '정품스틸녹스판매', '정품스틸녹스구입방법']",,Botbird tweets
2022-12-04 13:21:55+00:00,1599393561623289857,m00nplam,생문ㅎㅎ,,지옥불,"까만네일바르고 이불틀어쥐는 손영상보냇을때 참웃겻다..
플러팅을나한테하면어떡하니
개설레는대화 삼천번하느라 내가 새벽세시까지 니랑 디스코드하고...
그래열심히살아라
엘에스디는그만하고
대마는좀줄이렴",8,0,,,,Twitter for Android
2022-11-27 22:05:55+00:00,1596988716656263168,R3ML0V3,청소년이모(낫 가족),,crystal castles,"사실어제새벽3시까지일어나있었지만
맛이가버린폰때문에암것도못함
시발 엘에스디는내가해야지니가왜쳐듣고정병걸리냐",0,0,,,,Twitter for Android
2022-11-23 16:49:42+00:00,1595459585560948739,kochi5Ede,사링,,,콕트트윈스드롭나인틴뭄스포이즌걸프렌드러브라이즈크러싱아트스쿨아이리엘스팽글콜릴리라인키노코테이코쿠마이데드걸프렌드타마린더마이크로폰스비치하우스브로드캐스트스윗트립스엘에스디앤서치폴갓어텀스그레이솔래이스키티크래프트플리팅조이스,0,0,,,,Twitter for iPhone
2022-11-22 07:19:30+00:00,1594953702279811072,m00nplam,생문ㅎㅎ,,지옥불,"범죄자 좋아할거면 범죄이력에 대해서는 좀 사려야 되는거 아님?
시대상 흐지부지 넘어갔으면 아 우리오빠가 다뒤진 밴드 출신이어서 넘어갔구나 다행이다~ 해야지 엘에스디미만잡ㅋㅋ 이러고 있어",11,5,,,,Twitter for Android
2022-11-12 06:04:51+00:00,1591311037319770113,mindo0ng,민둥,,너 뒤,레딧에 엘에스디 토픽이 있다니,3,0,,,,Twitter for iPad
2022-11-01 02:22:31+00:00,1587268819214827520,hyeji1011,아리✨️,,,"진짜 너무 어려워요 🤦‍♀️
나도 이비엘에스디지알티  
줄여서 이티 (응?",1,0,,,,Twitter for Android
2022-10-25 14:23:59+00:00,1584913667459801089,doratniessakiya,Mr. Doratni,,,Justice suck씨는 노설탕 노알콜 노마약 상태로 지내시는데 그런 텐션과 퍼포먼스가 나오시다니 본인 자체가 인간 엘에스디인듯 https://t.co/x3FwWfuXco,4,0,,,"[Photo(previewUrl='https://pbs.twimg.com/media/Ff6-k1vakAEHamW?format=jpg&name=small', fullUrl='https://pbs.twimg.com/media/Ff6-k1vakAEHamW?format=jpg&name=orig', altText=None)]",Twitter for iPhone
2022-10-14 14:37:24+00:00,1580930779080953858,MIKURI_0826,✦미쿠리✦,,헤더-딱님🍑,이사람 진짜 웃긴다 대마랑 엘에스디는 중독성업는 안전한 마약ㅋ 이라는 둥 소개해놓고 워 온 드러그라고 걱정된다는 소리를ㅋㅋ 하는게ㅋㅋㅋㅋ,0,0,,,,Twitter for Android
2022-10-12 10:37:23+00:00,1580145600670371840,TorSean,Tor Sean,,,"아, 한국에서는 실로시빈이나 엘에스디 임상 시험 안 하나? 연구한다면 만사 제치고 ‘실험쥐’가 될 텐데.",0,0,,,,Twitter for iPhone
2022-10-07 09:58:11+00:00,1578323796389683200,seogaingcherl,kergh∫jau,,,검토를 지시했다. 그는 “연방정부는 현재 대마초를 (진통제 성분인) 펜타닌보다도 중대한 엘에스디(LSD)나 헤로인과 같이 ‘1급 지정’ 물질로 분류하고 있다”며 “터무니없다”고 했다.,0,0,,,,Twitter for Android
2022-10-06 13:43:03+00:00,1578017997448699905,___gonight,고밤,,,조아햇던 밴드 노래 가사로 엘에스디 첨 알앗는데 그냥 다른 세상 얘긴 줄 알앗지..,0,0,,,,Twitter for Android
2022-09-30 03:22:29+00:00,1575687501549047809,00amethyst00,자수정,,,"실로사이빈이랑 엘에스디, 메스칼린은 의존성은 낮은편인데, 이걸로 처음 시작하는 사람은 없지… 글고 의존성이 낮을수밖에 없다는건 그만큼 후유증이나 불편감이 크기 때문에… 라고도 할수 있지 않누",0,0,,,,Tweetbot for Mac
2022-09-29 09:06:49+00:00,1575411767622004736,tados_907,🏳️‍🌈ଳ ᙅ⩬ 통 밖의 도스,,어디냐,"깁미올유어엘에스디 
쏘아이캔필마이마인드언위브어겐",0,0,,,,Twitter for Android
2022-09-27 08:01:07+00:00,1574670455596011521,__SYOTOS__,⚔️SYOTOS⚔️,,,"모든 노래에 웻샌드 세사람 대입하는 나✊
요즘엔 엘에스디-Genius 들으면서 웻샌드웻샌드 울어요",4,1,,,,Twitter for iPhone
2022-09-26 09:09:55+00:00,1574325383906070528,tados_907,🏳️‍🌈ଳ ᙅ⩬ 통 밖의 도스,,어디냐,깁미올유어엘에스디,0,0,,,,Twitter for Android
2022-09-22 04:09:20+00:00,1572800186899841024,michn_jm,뿍,,닥터후13까지 다 봤습니다…,엘에스디.. 심마 너……. 존재자체가 위험한.. 오히려 좋다,0,0,,,,Twitter for iPhone
2022-09-21 01:47:57+00:00,1572402221098344448,tados_907,🏳️‍🌈ଳ ᙅ⩬ 통 밖의 도스,,어디냐,깁미올유어엘에스디이이이,1,0,,,,Twitter for Android
2022-09-10 15:35:19+00:00,1568624166110363648,dl_anjqud,ㅠㅠ,,,"하아아아아아아...
이게내히로뽕이고엘에스디다......",1,0,,,,Twitter for iPhone
2022-09-07 01:00:44+00:00,1567316907132612610,tados_907,🏳️‍🌈ଳ ᙅ⩬ 통 밖의 도스,,어디냐,깁미올유어엘에스디,0,0,,,,Twitter for Android
2022-09-05 15:33:38+00:00,1566811804226834432,citrusreticu1at,감귤,,블루벨,내가 살다살다 수가 마약중독으로 죽을까 봐 걱정한 적은 없었는데 헤로인에다가 엘에스디까지 제정신이니 시윤아,2,0,,,,Twitter for iPhone
2022-09-04 06:50:08+00:00,1566317673138782208,carrotjamm,익힌당근,,,어제 엘에스디 이십이키로 했고 오늘 아침 리커버리 런 오키로 뛰었고 이제 놉 보고 술 마시러 갈거얏,0,0,,,,Twitter for iPhone
2022-09-02 18:40:45+00:00,1565771729300963328,oqE6v75RAnOT0ob,속아 사는 연민의 순간이다..,,,엘에스디사상책사야지..,0,0,,,,Twitter Web App
2022-08-29 14:29:39+00:00,1564258985213333506,TorSean,Tor Sean,,,"실로시빈이나 엘에스디 같은 사이키델릭 물질이 왜 인식 변화를 유발할까? 뇌 연구 결과로는 일상을 관장하는 회로를 약화시키고 뇌의 온갖 부분들이 새로운 연결고리를 형성하게 한다고. 뇌가 타성에서 벗어나는 셈. (마음을 바꾸는 방법 원서에 실린, 왼쪽 위약 투여군과의 연결고리 비교 그림) https://t.co/P8HlOSSMH4",1,0,,,"[Photo(previewUrl='https://pbs.twimg.com/media/FbVdP8GaMAA6ejR?format=jpg&name=small', fullUrl='https://pbs.twimg.com/media/FbVdP8GaMAA6ejR?format=jpg&name=orig', altText='실로시빈을 투약한 이들은 그렇지 않은 이들보다 뇌의 부분들이 서로 연결되는 회로를 훨씬 많이 형성했다.')]",Twitter for iPhone
2022-08-29 13:15:00+00:00,1564240201530363904,TorSean,Tor Sean,,,함세자데는 세상이 끔찍하고 추하다는 생각이 정말 잘못된 것임을 깨닫게 된다고 말한다. 분명한 건 세상을 전혀 다른 눈으로 보게 된 이들이 존재하며 그런 이들이 늘고 있다는 것. 엘에스디를 통해 이런 세계를 접한 올더스 헉슬리도 그 중 한명. (사이키델릭은 코카인 같은 마약과 전혀 다른 물질!),0,0,,,,Twitter for iPhone
2022-08-29 07:51:24+00:00,1564158762939609089,YONGD77DRAGON,deepsycho2021,,,엘에스디(LSD)가 뭐길래…자세히 보니 더 황당한 캠핑장 '마약 난동' / 비디오머그 https://t.co/brKdLskSHb via @YouTube,0,0,,,,Twitter Web App
2022-08-29 03:58:44+00:00,1564100212783984643,withuwizone,복고가수,,,이틀전엔 엘에스디뉴스 오늘은 케타민뉴스,0,0,,,,Twitter for Android
2022-08-27 06:42:22+00:00,1563416614426423297,agitgo11,𝙰𝚛𝚌𝚑𝚒𝚟𝚎,,,"엘에스디(LSD)가 뭐길래…자세히 보니 더 황당한 캠핑장 '마약 난동' / 비디오머그 

2022.08.24 비디오머그 - VIDEOMUG
#마약좀비
#마약난동
#마약공화국
#마약범죄일상화
#LSD

https://t.co/upkK1b0iGm",0,0,,"['마약좀비', '마약난동', '마약공화국', '마약범죄일상화', 'LSD']",,TweetDeck
2022-08-26 07:13:37+00:00,1563062091270877184,M1lkywayW1shes,마르크 일반인 보호자,,유리 샨힐 품사 소존,아니 나 생각해보니까... LSD(게임!!!) 기반 자캐도 있고 드림주도 있네 와 이렇게까지 열과 성을 다해 좋아했으면... 엘에스디를 함 해야 하지 않을까?,1,0,,,,Twitter for Android
2022-08-25 12:29:54+00:00,1562779297622142979,Cheese_Wosca,임대옥,,태허환경,@minsoomin200 엘에스디랑 떨 그만 끊으라구 햇잔아 이뇬아ㅜㅜ 걱정되~,0,0,,,,Twitter for Android
2022-08-25 02:18:26+00:00,1562625419832360965,lulu_eon,이 언 Aeon,,,엘에스디(LSD)가 뭐길래…자세히 보니 더 황당한 캠핑장 '마약 난동' / 비디오머그 https://t.co/hf3pOu8OYI - @YouTube,0,0,,,,Twitter for iPhone
2022-08-24 14:11:45+00:00,1562442540346839040,gjpark2011,인중지룡(박규진),,,"엘에스디(LSD)가 뭐길래…자세히 보니 더 황당한 캠핑장 '마약 난동' / 비디오머그 https://t.co/2zGKKWXws1 출처 @YouTube 
언제까지 저런거 그냥 두고 볼껀가요? 마약 하는 인간들 싸그리 잡아다 집어 넣어야 하지 않겠습니까? 한국 경찰들 화이팅!!!",0,0,,,,Twitter Web App
2022-08-24 12:45:27+00:00,1562420824253947917,VIDEOMUG_SBS,VIDEOMUG(비디오머그),,,엘에스디(LSD)가 뭐길래…자세히 보니 더 황당한 캠핑장 '마약 난동' #SBS #SBSNEWS #사회뉴스 #비디오머그 #VIDEOMUG  https://t.co/PdyFIpXAbi,0,0,,"['SBS', 'SBSNEWS', '사회뉴스', '비디오머그', 'VIDEOMUG']",,IFTTT
2022-08-24 11:16:12+00:00,1562398363034611713,LIFE_CORD,라이프코드,,,"#비디오머그 #VIDEOMUG #SBS뉴스 
엘에스디(LSD)가 뭐길래…자세히 보니 더 황당한 캠핑장 '마약 난동' / 비디오머그 
https://t.co/gwjlkiiuXy 
 
#언론사 #인사이트 #트렌드",0,0,,"['비디오머그', 'VIDEOMUG', 'SBS뉴스', '언론사', '인사이트', '트렌드']",,Microsoft Power Platform
2022-08-22 14:26:55+00:00,1561721582564675589,cldwspds,빕,,,아놔 지금 헤로인 걱정할 때가 아니었음 알코올이 엘에스디보다 높은 거 뭐냐고~~~!!!! 술 줄일게 많이 먹지도 않지만 https://t.co/Bu49zeT1EW,6,1,,,"[Photo(previewUrl='https://pbs.twimg.com/media/FaxZf89aAAASYNv?format=jpg&name=small', fullUrl='https://pbs.twimg.com/media/FaxZf89aAAASYNv?format=jpg&name=orig', altText=None)]",Twitter for Android
2022-08-21 02:08:32+00:00,1561173376848105473,carrotjamm,익힌당근,,,@mnmnmxm ㅋㅋㅋㅋㅋ 아니 근ㄷ 되게 문맥적으로 이상한 말이었넼ㅋㅋㅋㅋㅋ 달달리기 훈련에도 엘에스디라고 있움…,0,0,,,,Twitter for iPhone
2022-08-16 16:35:07+00:00,1559579517655859200,chestnutmorning,메롱,,,난역시…미국의꽤잘사는집에서태어나60년대때틴에이저시대를보내반항하겟답시고평화와사랑을외치며엘에스디매직머시룸대마초뻑뻑피다가죽었어야했어,1,0,,,,Twitter for iPhone
2022-08-10 13:33:17+00:00,1557359431586680834,astor19k,아스토르astor🏳️‍🌈,,금주시대의 깽판,@principiel 헤헤 감사합니다! 걱정해주시다니 싸으랑💖 다행히도 잠깐 바짝 아프고는 나아가고 있어요! 열심히 잘 챙겨먹고 회복할 테니 엘에스디님도 아프지 말고 건강하시고 수해 조심하세요;ㅁ;)/,1,0,,,,Twitter for iPhone
2022-08-04 06:06:34+00:00,1555072683024343040,jackpep_page,잭펩 페이지,,대한민국 부산광역시 하드앤헤비,@00_real8 ㅋㅋㅋㅋㅋㅋ아 엘에스디 뭔가 했는데 루시… 그치 그것도 왹져같고 왈루스도 왹져같애 매미투 앨범이 전체적으로 좀 왹져스러운것같음,0,0,,,,Twitter for iPhone
2022-07-27 13:47:42+00:00,1552289627729321984,Aug7xFeb28,(다정),,,요즘젊은이들 뭐 엘에스디 팬타민 이런거 왜구해하니? 그냥 ㄹㅌ하면되는데,0,0,,,,Twitter for iPhone
2022-07-17 19:10:27+00:00,1548746974073335808,kkimchisixx,김치식스,,마음이미국인이면미국인이라고혐오자들아!!!!!!,아니나오아시스노래전반적으로싫어하는데 (이씨발노갤련누가비틀즈사생아니랄까봐 사이키델릭이씨발뭔엘에스디좀그만해가폭희생양 투명애비걸레근친충새끼야) 쉬즈일렉트릭은hits different fr임,1,0,,,,Twitter for Android
2022-07-06 09:23:19+00:00,1544612949377323009,sweetmangouuu,스윗망고,,,"식약처, '1브이-엘에스디' 등 4종 임시마약류 지정 예고 https://t.co/Yg2M2bIArX cccbk",0,0,,,,tistory app
2022-07-06 06:07:33+00:00,1544563685921800193,l88829461,환경신문,,서울특별시 마포구 마포대로14가길 17,"식약처, ‘1브이 엘에스디’ 임시 마약류로 지정 https://t.co/dfPMgSwuNY",0,0,,,,Twitter Web App
2022-07-05 04:30:08+00:00,1544176780420202496,foodandfood,"푸드투데이,뉴시니어",,서울,"푸드투데이.식약처, ‘1브이-엘에스디’ 등 4종 임시마약류 지정예고 (출처 : 푸드투데이.. | https://t.co/Us9pAJSW0t 블로그) https://t.co/VbsfIA9Fcd",0,0,,,,Twitter Web App
2022-07-05 01:04:31+00:00,1544125035249446912,jaeny3838,노재영,,"s, korea","[메디팜헬스뉴스] 식약처, ‘1브이-엘에스디’ 등 4종 임시마약류 지정예고 https://t.co/SL2eVZ6Qfs",0,0,,,,Twitter for Android
2022-07-03 07:43:20+00:00,1543500626331848704,hamadahanayu,이카리 현상,,보이즈 플래닛,@Dori_0820 밸붕임 이건 대마가 아니라 엘에스디여도 개같이 지디 발가락을 빨거임 나는ㅊ 시발 ㅠㅜㅜㅜㅜㅜㅜㅠ,0,0,,,,Twitter for Android
2022-07-02 00:18:57+00:00,1543026405428137986,bavginda,Jof.,,Main dancer of South Korean boy group #EXO insanely handsome. Literally kill you with his smirk.,"RT nct_closet_: 💚윈윈 옷 정보💚

브랜드: LSD (엘에스디)
제품명: Colorblocked Denim Fleece Jacket
가격: 488,000원

W컨셉 : https://t.co/0vIcyD9XN4

무신사 : https:…",0,0,,,,Microsoft Power Platform
2022-06-29 12:53:53+00:00,1542129225159016449,vol_tttt,voltt ravencoin 🅁🅅🄽 𓄿,,,@ohakeid1 엘에스디,0,0,,,,Twitter for iPhone
2022-06-27 13:43:31+00:00,1541416941218177024,Planet0259,Planet 0259s-,,당신과 -16시간의 차이,@sKanzLdnsMsDuwk 저는 엘에스디였는데 잘사님 틴구 헤로인이라니..차타고 15분 가야한다는 궁전사는 틴구 인가요?,1,0,,,,Twitter for iPhone
2022-06-24 16:37:52+00:00,1540373655678783489,pbdgrant,lu,,,지굼은 엘에스디앤더서치포갓 틀음,0,0,,,,Twitter for iPhone
2022-06-23 18:02:15+00:00,1540032499900104705,kebake3,케바케,,,"많이 찾는 엘에스디테크 가지 순서대로
https://t.co/yHgF4yYzp6

많은사람들이 선택한 레드락토콜라겐앰플 인기순서
https://t.co/TAy40LJ2lw

인기가 좋은 예단함 가지 순서대로
https://t.co/U8eQhTvCwF",0,0,,,,twitter auto write
2022-06-16 12:29:53+00:00,1537412143662112770,vinXen_0420u,天狼星,,vinXen,엘에스디 댈구는 없나요,0,0,,,,Twitter for iPhone
2022-06-10 16:12:45+00:00,1535293902550626304,Yoswt2,해씨,,,"노엘에스디는정말.....,....따라올자가없다",1,0,,,,Twitter for iPhone
2022-06-01 02:23:02+00:00,1531823606271193088,Pasong__,Pasong,,South Korea ,"https://t.co/SS8cGYqqme
아니 영상미 좋긴한데 adhd가 아니라 엘에스디 빤사람처럼 영상 만들어놨네",2,0,,,,Twitter Web App
2022-05-25 09:19:51+00:00,1529391786741080065,naaccumu,나구,,,@Pnnb320 먼 랩퍼라는데 난 처음에 얘 그냥 조현병 걸렸다는 건줄알고 너무 안타까웠는데 마약 부작용이라더라 ㅋㅋ... 응 지팔지꼰 엘에스디 어쩌구가 비유인줄 알았지 설마 진짜일줄은 몰랐다고,0,0,,,,Twitter Web App
2022-05-25 02:54:36+00:00,1529294837832306688,somsom_ye,궁핍한 로동자 코코리,,불지옥,헉 페이즐리 패턴이 엘에스디에서 나온거구나 헐~~,0,0,,,,Twitter for iPhone
2022-05-25 00:41:23+00:00,1529261311934472192,sseoging,화분물주기,,,마약안했다는사람은머야 글내용중에 마약이있는데.. 엘에스디면 개쎈거아닌가,1,0,,,,Twitter for Android
2022-05-23 12:41:59+00:00,1528717878341812224,xXLena98Xx,xXLena98Xx,,지옥,"업펑
대마보단 압생트같다는 말 들어본 적 없음
자신은 엘에스디라고 생각함 https://t.co/APAx5AU1my",0,0,,,"[Photo(previewUrl='https://pbs.twimg.com/media/FTcYzvGaIAAGn3G?format=jpg&name=small', fullUrl='https://pbs.twimg.com/media/FTcYzvGaIAAGn3G?format=jpg&name=orig', altText=None)]",Twitter for Android
2022-05-22 16:03:45+00:00,1528406270008770561,hellocolorddong,김명춘,,,"헤로인 코카인 대마 슈룸 페요테 엑스터시 엘에스디 암페타민 펜타닐 등등
내로라하는 마약들 전부 좃바르는게 바로
'할 일 미루기'
나는 지금 최고로 흥분해있다",0,0,,,,Twitter for iPhone
2022-05-21 15:14:04+00:00,1528031376653422592,hamadahanayu,이카리 현상,,보이즈 플래닛,@Dori_0820 비아이 병크터졌을 때 내 속마음 엘에스디가 아니라 대마초만 해서 다행이다 !! 이거였음 난 병신 머저리임,0,0,,,,Twitter Web App
2022-05-21 04:06:56+00:00,1527863486495490048,Gazigazi_PD,🍞,,닉:빵또/뽀또/자판 편하신 쪽으로 불러주세요,마감기한을 까먹었네💦💦💦 엘에스디 동일하게 최대기한 2주입니다. 빠른 마감은 0.5 0.3의 추가금이 붙습니다,0,0,,,,Twitter for Android
2022-05-19 17:37:01+00:00,1527342575568400384,khammettcute,커크해밋사진봇,,san francisco babe,다들 엘에스디 하고 디제이가 풋쳐핸접인디에어~~하느라 바쁨,1,0,,,,Twitter for Android
2022-05-19 13:48:57+00:00,1527285180674674693,bujeongreo,🚮가비지구버🛸,,시타델 소원을 이뤄주는 포탈 속,"뻘하게 릭모에서 마약묘사
시즌2 막화에선 코카인 드래곤에피는 대마 시즌4에서 서머랑 모티가 한건 필로폰 
유튜브에 올라온 영상에서 엘에스디하는거 올라왔고",3,2,,,,Twitter for Android
2022-05-04 16:19:25+00:00,1521887229626695682,nirmanakaxa,얍얍-미세먼지가싫다고,,서클트 애용-원하면 빼드려요..,니들은 뭐 엘에스디? 그런거하지마..ㅇㅇ...,0,0,,,,Twitter for iPhone
2022-05-02 12:53:49+00:00,1521110712063766529,m00nplam,생문ㅎㅎ,,지옥불,"아근데진짜착햇어
고3 역사시간에 선생님몰래 엘에스디했던 애긴하지만
맨날 우리나라 남자애들 좀 이상한거같다고 조심하라고 걱정해줌
서로 전통음식 자랑대회도 햇음",8,0,,,,Twitter for Android
2022-05-02 12:43:40+00:00,1521108160643473408,m00nplam,생문ㅎㅎ,,지옥불,걔네는 의료목적으로 소지가능해서 그냥... 맨날쳐핌 공원에서 피다가 경찰들 오면 존니튀고 그냥 그랫음 걔네동네만그랫을수도ㅋㅋ 근데 어느날은 코카인도햇엇나?; 암튼 엘에스딘지 대마랑 같이 하다가 몸에힘쫙풀려가지고 나한테 디엠함,3,0,,,,Twitter for Android
2022-05-01 13:44:24+00:00,1520761053768200194,pltinhellven,팔레트,,연성모먼트,@Sunsetz_02 ㄹㅇ... 혀밑에 깔아놓고 녹여서 빨면서 환각 보기.. 엘에스디같은거.. 섹스하다가도 이 남자가 외계인으로 보이고 공룡으로 보이기도 하는..,0,0,,,,Twitter for Android
2022-04-30 04:54:41+00:00,1520265361379426304,BlueVein_,정맥😷🌹☂️,,N1-RV Ann-A,"뭔 꿈을 엘에스디 한바가지 처먹은것마냥 숨도 안쉬고 원초적인 걸로만 꿨냐 
고작 맥주 인풋으로 가성비 미쳤네",1,0,,,,Twitter for Android
2022-03-31 18:49:15+00:00,1509603751035748354,Die_aamond,다이아,,장르팔 비추천,"좋아하는 가수도 적자면
라나델레이 스텔라콜 섹후땡 트로이시반 빌리아일리쉬 엘에스디 맥달레나베이 카디비 아리아나그란데 아이유 아이묭 백예린 토시노부 쿠부타 그라임스 코난그레이 오누키타에코 우타다히카루 예나 서브어반 아시니코 자스민빈 멜라니마르티네즈 수프얀 스티븐스 옾온옾 아이들",1,0,,,,Twitter for iPhone
2022-03-24 23:23:16+00:00,1507135992813088794,kumapreposition,곰전,,요약:재밌는거다합니다.,엘에스디이지랄,0,0,,,,Twitter for iPhone
2022-03-21 16:28:24+00:00,1505944425289383936,lesjail,청주여자교도소,,고랭지 감자 재배중,엘에스디 하고싶음 죽기전에 한번쯤,1,0,,,,Twitter for iPhone
2022-03-04 16:43:21+00:00,1499787591909974019,gomdusrhd,곰짝,,,프필백업오랜만에 했다 그린 프필 81 같은캐로 엘에스디 둘다 낸거 중에 에스디 5개 빼면 76,0,0,,,,Twitter for Android
2022-02-25 16:32:21+00:00,1497248111235764227,9b_ql,쿠,,,그래도 예의상 엑스터시같은건해라. 엘에스디정도는... 아너무갓나? 아무튼 코카인이나 헤로인은 하지마,0,0,,,,Twitter for iPhone
2022-02-22 01:58:29+00:00,1495941029807235085,kumbeang,changnam lee,,mokpo,흡사 엘에스디 회로,1,0,,,,Twitter for Android
2022-02-13 18:56:44+00:00,1492935789013266432,sohye_imyourfan,소혜,,0810부터 프메 구독중,"그...공계에서 얘기해도 되는 수위인진 잘 모르겠는데
마약중독자 랑이가 보고싶거든요
엘에스디라는 환각제가 있는데 효과도 좀 세고 6~80년대 에 되게 유행했었음
근데 그게 플래시백 확률이 좀 높단말이죠??
타래",4,0,,,,Twitter Web App
2022-02-13 13:04:00+00:00,1492847020343984130,silver_tray_ooo,카니친 ᵔᴥᵔ,,비팔 🔕,엘에스디봇 돌아와줘 ...,1,0,,,,Twitter for Android
2022-02-11 12:56:30+00:00,1492120357712515074,T04D0,神経 腐敗,,Que Club,"저를 진짜 미친 마약사범으로 생각하셔서 신고하기 전에 사족을 달겠습니다
제가 말하는 소프트 드럭은 대마같은.... 그런 정말 심하지 않은 진짜 개존나소프트 드럭이고요 그런것들은 보통 담배나 알콜보다 독성이나 의존성 면에서 낮습니다 그리고 아무리 소.드 여도 엘에스디 같은거는 저도 반대함 https://t.co/e8n96p7XSx",0,0,,,"[Photo(previewUrl='https://pbs.twimg.com/media/FLUS76oUYAI4Ppn?format=png&name=small', fullUrl='https://pbs.twimg.com/media/FLUS76oUYAI4Ppn?format=png&name=orig', altText=None)]",Twitter Web App
2022-02-10 17:56:39+00:00,1491833505860694016,solnu_illusion,🐺솔누🐑,,,"one탐할 재탕 때마다 생각하는 거: 엘에스디한 클ㄹ1프 씨는 건들지 말자,,,^^ 제발 아프지 않게 죽여주세요",0,0,,,,Twitter for Android
2022-02-10 12:04:44+00:00,1491744943999954945,Cheongon_plus,청온,,오오타 아카리의 마음속❤️,아 엘에스디 햇구나,0,0,,,,Twitter for iPhone
2022-02-10 12:04:16+00:00,1491744825951293444,Cheongon_plus,청온,,오오타 아카리의 마음속❤️,엘에스디 지금하나보다,0,0,,,,Twitter for iPhone
2022-02-09 06:01:13+00:00,1491291075147079683,jabtangbab0,ㅈㅌㅂ,,,식ㅁ발 강재인규 사약이다 사약 파워캔디다 시가 백억 상당의 엘에스디 마약이다,3,0,,,,Twitter for iPhone
2022-01-26 15:00:45+00:00,1486353420533768195,2DNHL,투디,,길을 따라가 눈길을 따라가,"@solti_4 카페나 홈피식 소설커도 조코 
진쟈 엘에스디(?)를 강하게 들이마시려면 걍 틔터 단기커뮤 함 다녀와보심이...",1,0,,,,TweetDeck
2022-01-17 18:03:23+00:00,1483137892260392960,kittty_Er,밈૮₍ •̀ᴥ•́ ₎ა,,256895,"그래 니가 내 마약이다..
니가 내 코카인
니가 내 헤로인
니가 내 모르핀
니가 내 엘에스디 https://t.co/icnOZAiQpN",2,2,,,"[Gif(thumbnailUrl='https://pbs.twimg.com/tweet_video_thumb/FJUqCK4akAAzA2g.jpg', variants=[VideoVariant(url='https://video.twimg.com/tweet_video/FJUqCK4akAAzA2g.mp4', contentType='video/mp4', bitrate=0)], altText=None)]",Twitter for iPhone
2022-01-17 12:38:01+00:00,1483056008851116033,sandykim123,☁️푸른하늘너머로,,"NOWAR🇺🇦, Remember140416","@Kunyeang 이 기회에 sd 연습도 하시는 거죠 그러기엔 또펠뭍이긴 한데(ㅋㅋㅋㅋㅋㅋㅋ) 엘에스디도 상관없어요 저는 오히려 좋아여서.,.,.,.,., 이게 너무 예뻐서 지금 홀린듯이 신청서 넣었거든요
https://t.co/d4Izz4Ub6w",0,0,,,,Twitter Web App
2022-01-13 14:00:57+00:00,1481627332049735682,03B826110,B,,,"@MKBISBJFUCKER ㅋㅋㅋㅋ젤 메이저한 쾌락느껴지는게 업계열 각성제고 마약성진통제로 분류되는게 다운계열 진정제고 엘에스디같이 환각보이는건 환각계로 따로구분하는걸로압니다
막 섞어서 효과 합치기도하는데 기본은 ㅇ
동인용최음제보단 역시 진짜 의 효력쪽이 재밋됴(ㅌㅋㅋㅋㅋㅋㅋㅋㅋㅋ",0,0,,,,Twitter for Android
2022-01-08 08:52:02+00:00,1479737647895842819,Xxx__miro,그릭밀숭트,,1gw 59 2gw 52 3gw 47 ugw 45,@7777777EEE @manxxibal @asib55 엘에스디,1,0,,,,Twitter for iPhone
2021-12-31 01:56:47+00:00,1476734045522636802,lil_megu,비전공단순소비자,,,일단 능력향상 코스는 벌써 2회차를 찍었고 다음주부터 엘에스디를 들어가야 하나 말아야 하나…..,0,0,,,,Twitter for iPhone
2021-12-20 00:37:31+00:00,1472727829293203457,RR_BBMM,🎼래빔무🖼,,,"어쩌면?
엘에스디하면?
의식너머에어쩌구를체험하게돼서?
사랑하게될지도?
ㅋㅋㅋ
마약줄사람",1,0,,,,Twitter for Android
2021-12-15 15:23:25+00:00,1471138834377506817,BRQJxsRA,플로우 바이비트 모의투자 어렵지 않게,,,새학기책상 아담교정학 황동도색 남자군인가발 형풍 참숯도매 분수게임 엘에스디테크 편자환 주당순 눈향 보이스마루 다이쯔 팬더커스텀 기독교이미지 선릉 질문앱 부결된,0,0,,,,Twitter Web App
2021-12-15 01:08:30+00:00,1470923689428676608,ByT1u,구름,,사골 끓이는 중,엘에스디 특성 어제 어떤 분이 올려주셨는데 거기에 기분이 좋아질 수도 있고 나빠질 수도 있다고 써 있어서... 너무 도강재 같다고 생각함 종잡을 수 없는 사람 기준선이라는 게 없는 사람 곁에 있는 사람이 먼저 미쳐버리는  사람,6,0,,,,Twitter for Android
2021-12-13 11:10:58+00:00,1470350528077262852,lil_megu,비전공단순소비자,,,엘에스디 트레이닝은 못 들어가고 종료인가 ㅡㅡ;;,0,0,,,,Twitter for iPhone
2021-11-28 13:44:45+00:00,1464953410906591234,lanadelreie,빵이오헤드,,,엘에스디는 한번 잘못 복용하면 몇년동안 부작용이 있다는 말을 주워들엇는데 라디오헤드도 비슷한듯 배꼽냄새같음,2,0,,,,Twitter for iPhone
2021-11-23 08:54:01+00:00,1463068306567356416,P_PURPLECAT,제너럴A,,아슬한 경계,"합성 성분인 엘에스디나 엑스터시 말고 천연의 풀을 태우는 대마합시돠~~~
(하지마라.)",0,0,,,,Twitter for Android
2021-11-22 16:33:20+00:00,1462821510008250371,5reNoIHbA10OZuM,묵허/黙虚,,자기소개서→,"스포없는 중간 감상
뭔가..정신이 혼미함 게임 엘에스디같음",0,0,,,,Twitter Web App
2021-11-16 15:32:13+00:00,1460631803681644545,99uan9,꽝,,,짝짝엘에스디,0,0,,,,Twitter for iPhone
2021-11-12 06:33:48+00:00,1459046755123662854,IkatheWhiteCat,Kai official ,,,"요즘 많은 밀키트에 들어가는 다양한 종류의 엘에스디들도 부정적으로 볼게 아니라, 음식의 맛을 풍부하게 하는 역할로서 봐야 한다구 생각해요!",1,2,,,,Twitter for iPhone
2021-11-12 05:48:26+00:00,1459035336063930371,lanadelreie,빵이오헤드,,,저도 할로윈 사탕 만들때 엘에스디 넣으니까 먹엇을때 기분이 좋아지더라고요...,2,8,,,,Twitter for iPhone
2021-11-07 03:04:24+00:00,1457182118115614720,lanadelreie,빵이오헤드,,,오늘부터 모닝커피대신 모닝 엘에스디 모닝대마로 하루를 시작해야겠다 https://t.co/rn6sstFWmP,7,0,,,"[Photo(previewUrl='https://pbs.twimg.com/media/FDjzZxUagAA5T7S?format=jpg&name=small', fullUrl='https://pbs.twimg.com/media/FDjzZxUagAA5T7S?format=jpg&name=orig', altText=None)]",Twitter for iPhone
2021-10-26 00:18:13+00:00,1452791641522143234,BINZZANG_OTLOVE,빈,,인장 수로롱 커미션ㅣ헤더 서영님 커미션ㅣ,@a_lsd_k 에이짝엘에스디짝케이,0,0,,,,Twitter for Android
2021-10-14 12:21:06+00:00,1448624904539189258,bluexwo,♡ in the end-woojin,,,"@woojinaxy 😍🥰#lsdcollection #얼킨 #엘에스디 #seoulfashionweek #서울패션위크 #SFW #얼킨이벤트 #김우진_서울패션위크
#KimWoojinAtSeoulFashionWeek",0,0,,"['lsdcollection', '얼킨', '엘에스디', 'seoulfashionweek', '서울패션위크', 'SFW', '얼킨이벤트', '김우진_서울패션위크', 'KimWoojinAtSeoulFashionWeek']",,Twitter Web App
2021-10-14 12:17:23+00:00,1448623969297309697,kwjcloset,KIM WOOJIN CLOSET,,wooTopia,"📝: 김우진을 옷으로 선택해주셔서 감사합니다. 미래에 행운을 빌어요! Cubs will support Woojin &amp; Ul:kin!  #ulkin #lsdcollection #얼킨 #엘에스디 #seoulfashionweek #서울패션위크 #SFW #얼킨이벤트 #김우진_서울패션위크
#KimWoojinAtSeoulFashionWeek
@woooojinn @ULKINOFFICIAL @10x_ent https://t.co/I1w0hupmYW",37,11,,"['ulkin', 'lsdcollection', '얼킨', '엘에스디', 'seoulfashionweek', '서울패션위크', 'SFW', '얼킨이벤트', '김우진_서울패션위크', 'KimWoojinAtSeoulFashionWeek']","[Video(thumbnailUrl='https://pbs.twimg.com/ext_tw_video_thumb/1448623819468394505/pu/img/hOHY3p0OejVoeOjc.jpg', variants=[VideoVariant(url='https://video.twimg.com/ext_tw_video/1448623819468394505/pu/pl/NtWVCcYctVVpCG11.m3u8?tag=12&container=fmp4', contentType='application/x-mpegURL', bitrate=None), VideoVariant(url='https://video.twimg.com/ext_tw_video/1448623819468394505/pu/vid/480x270/Nu3nf4fwZAnVfMK9.mp4?tag=12', contentType='video/mp4', bitrate=256000), VideoVariant(url='https://video.twimg.com/ext_tw_video/1448623819468394505/pu/vid/640x360/5w_QBSHR5E-E5Zvb.mp4?tag=12', contentType='video/mp4', bitrate=832000), VideoVariant(url='https://video.twimg.com/ext_tw_video/1448623819468394505/pu/vid/1280x720/ZwrjaHMM7XqGEZon.mp4?tag=12', contentType='video/mp4', bitrate=2176000)], duration=10.218, views=246, altText=None)]",Twitter for Android
2021-10-11 18:21:36+00:00,1447628465428058118,Planet0259,Planet 0259s-,,당신과 -16시간의 차이,페잌마미 저년은 왜 저 모양이야? 엘에스디를 좀 끊어라 효희야.,0,0,,,,Twitter for iPhone
2021-10-09 15:44:56+00:00,1446864261980966912,L_5_D,🍸 L S D 🍸,,,"엘에스디님 뭔가 어비스랑겹쳐뵤이는듯한

저는 사실 어비스엿던걸가요? 이런 (ㅋㅋㅋㅋㅋㅋㅋㅋㅋㅋㅋㅋㅋㅋ)",1,0,,,,Twitter for Android
2021-10-06 11:10:00+00:00,1445707909275422720,wikitree,위키트리 WIKITREE,,대한민국 서울,"""중학생 때부터 엘에스디와 엑스터시, 코카인 등을 했다"" (윤병호) https://t.co/hgr5oIxXHc #윤병호 #래퍼불리 #고등래퍼쇼미더머니",1,1,,"['윤병호', '래퍼불리', '고등래퍼쇼미더머니']",,[위키트리] 소셜뉴스
2021-09-30 08:17:36+00:00,1443490196364791813,mudaed,최악돼지,,,"마약은 별로 해보고싶은 생각도 안들어
이미 개상블십타즈라는 게임을 해서 그런걸수도 잇긴함 엘에스디 한장에 20만우ㅜㄴ? 20만원이면 스카유트티켓 100장넘는데 개손해죠 ㅋㅋ",3,0,,,,Twitter for iPhone
2021-09-06 06:40:22+00:00,1434768420352917510,Pi_papapapa,π,,위치,@doesorux 뭔가 엘에스디 게임에 나올법하네요,0,0,,,,Twitter for iPhone
2021-08-30 15:45:33+00:00,1432368903712239619,_Itsjustfine,메인트봐주세여,,12월까지 잘 못 와여…,엘에스디앤더서치포갓 너무좋아••• ㅠ 보컬 분 목소리가 넘 취향인데••• 기타도 넘 좋고… 그냥 전체적으로 너무좋다,0,0,,,,Twitter for iPhone
2021-08-10 04:14:44+00:00,1424947295867445250,1rQUFtibz1UeKH9,름,,,@alente_01 헐 저 엘에스디 좋아하는거 어떻게 아시고...(*☻-☻*) 최고에요!!!,1,0,,,,Twitter for iPhone
2021-08-08 13:03:11+00:00,1424355511420342280,yagu_gong,⚾️YAGUGONG⚾️,,20↑ 鳴御,시작한 노래는 엘에스디의 Angel in Your Eyes,1,1,,,,Twitter for iPhone
2021-08-07 12:50:26+00:00,1423989911489638406,NYPD__000,피디,,,"근데진짜 끝내주게하고올것같긴해
마리화나필로폰메스엘에스디
끝장나게 잡아옴
근데,
문제는,
지가 그 앞에서 침 질질 흘리는거 뜯어말려줄 파트너 있어야함.",2,0,,,,Twitter for iPhone
2021-08-04 11:29:07+00:00,1422882285305536515,jmyundev,노이🖥 / Jongmin Yun,,일본,햇님 (엘에스디) LP도 살까 9월 배송 예정이라는데... https://t.co/appKMEUL09,0,0,,,"[Photo(previewUrl='https://pbs.twimg.com/media/E78X4thVgAQImD2?format=png&name=small', fullUrl='https://pbs.twimg.com/media/E78X4thVgAQImD2?format=png&name=orig', altText=None)]",Twitter Web App
2021-07-18 02:49:22+00:00,1416590892471750662,samutquite,머뭇,,,아 ㅅㅂ.. 나 작년인가 엘에스디 관련 다큐 봤는데 너무 그 다큐에서 엘에스디 찬양하고있어서 좀 솔깃해짐,2,0,,,,Twitter Web App
2021-07-16 08:51:05+00:00,1415957144780767232,shrimplee_404,이새우,,,"근데진쟈커미션열고싶어
후레상시엘에스디두상부터반신까지만받기",1,0,,,,Twitter for Android
2021-06-20 09:08:47+00:00,1406539517654298625,mcrsaja,🦁LI-ON🐾,,,@rusritt 이중에 제가 알아보는건 엑스타시랑 엘에스디 코카in 헤로in 암페타민 알콜밖에 없습니다,1,0,,,,Twitter for Android
2021-06-19 09:20:15+00:00,1406180013691473923,nutpineofhorror,봇짐더락,,,"내귀에 엘에스디

꿀처럼 달콤해니",0,0,,,,Twitter for Android
2021-06-15 15:42:33+00:00,1404826671362965508,japotiicaaba,겨랑이,,정툥부릉회,엘에스디..컨샙을 해주어,1,0,,,,Twitter for iPhone
2021-06-15 06:54:33+00:00,1404693796034465793,Alma01910408,애니프사,,잘안들어와요,"Drug입미다...느낌이약간
엘에스디떠오르기도하고",0,0,,,,Twitter for Android
2021-05-25 16:31:55+00:00,1397228950640906241,tehebeB_,먐먐,,성인밀프큐프🎁🐿,"고양이꼬순내,, 엘에스디보다 강력한 중독성",1,0,,,,Twitter for iPhone
2021-05-23 16:45:41+00:00,1396507638385442820,mptylover,짝이,,,나엘에스디해보고싶어,0,0,,,,Twitter for iPhone
2021-05-21 14:53:33+00:00,1395754644631031808,saltcotton,소금솜,,,아놔 그래 괜히 60년대가 아니지 ㅋㅋㅋㅋ 머큐시오가 엘에스디 꺼냄 ㅠ 근데 티볼트는 하기 싫대 저번 경험이 너무 끔찍했대 30분동안 고대 로마 경기장에서 사자한테 산채로 뜯어먹히는 환각을 겪엌ㅅ대 ㅠㅠㅋㅋㅋㅋㅋㅋㅋ,1,0,,,,Twitter Web App
2021-05-19 13:07:24+00:00,1395003155406999561,shead_game,SH2하는 루스,,대한민국 경기도,이게 엘에스디까지 가더니 기어코 MK울트라 실험 얘기까지 가넹ㅋㅋ,1,0,,,,Twitter for Android
2021-05-07 15:34:12+00:00,1390691445040812032,extraA_nocpno,엑스트라A,,인장 염건님,디엠티디엠티.ㅡ.디엠티디엠티 두디두디엡티 엘에스디투디엠티,0,0,,,,Twitter for Android
2021-04-11 06:48:38+00:00,1381137097134731264,omottomotto,똠숙찌,,자씹의 축복이 끝이 없다,아하 엘에스디인줄,0,0,,,,Twitter for iPhone
2021-04-11 01:26:08+00:00,1381055933791395840,immangnani,나니,,톡톡 쏘는 이 버블이 bubbly,아 취한 한석이 너무 귀엽다 그장면만 몇번 본듯 혀꼬부라져서 알디유나인디~ 비엘에스디~ 마이 바벨타월~ 그리고 갤러리에 숨겨둔 마이머니! 존나 귀여움... 거기다 헤헹ㅎ 나만 몰랏네ㅎ 하는거 화룡점정....,0,0,,,,Twitter Web App
2021-04-06 04:14:44+00:00,1379286427070918658,immangnani,나니,,톡톡 쏘는 이 버블이 bubbly,@real_sayak7 어 근데 비엘에스디는 피토하는 화학약품 아니에여? 마약은 rdu900으로 알고있는데(아닐지도,0,0,,,,Twitter Web App
2021-04-05 04:11:41+00:00,1378923271769321472,needtodosomthin,아사직전의말랑이,,팬텀싱어,시아좋아. 엘에스디좋아.,1,0,,,,Twitter for iPhone
2021-04-04 02:08:41+00:00,1378529930120556544,m00nplam,생문ㅎㅎ,,지옥불,외국애들이랑 친해지면 회화 배울 줄 알앗는데 걔가 1학년 역사시간에 엘에스디 처음한거나 알게 됨 악틱몽키즈같음 이새끼 취했을때만 연락함 Dude I'm so HIGH XD 이지랄 그리고 고양이 얘기밖에 안함 쏘뻑킹큩암다잉 이런말밖에 못함,1,0,,,,Twitter for Android
2021-04-03 17:24:48+00:00,1378398088704892928,real_sayak7,친근,,포스타입,"근데 진짜 비엘에스디는 뭔데요
바벨은 성경에서라도 따왔다 치지
저건 아무리 들어도 비엘드씨처럼 들린다고요",4,0,,,,Twitter for iPhone
2021-03-27 13:46:45+00:00,1375806499759394822,m00nplam,생문ㅎㅎ,,지옥불,@Sympathy_4 아씨발 로키가 중2때 역사시간에엘에스디첨햇다고 나한테고백햇던거생각남,0,0,,,,Twitter for Android
2021-03-27 13:45:49+00:00,1375806263737470983,m00nplam,생문ㅎㅎ,,지옥불,"@Sympathy_4 님미첫죠그냥
엘에스디한거아님?뱉어",0,0,,,,Twitter for Android
2021-03-25 14:04:26+00:00,1375086175858343942,TripleSide_HG,아이루☂アイル🌸4月30日春音,,,@s_aroooo 엘에스디빨아보고싶다,0,0,,,,Twitter for Android
2021-03-23 12:50:32+00:00,1374342802373369863,momoland___jane,momoland__jane,,Republic of Korea,#seoulfashionweekfw2021 #2021fw서울패션위크 #sfw2021fw #digitalfashionshow #서울컬렉션 #seoulcollection #국립중앙박물관 #nationalmuseumofkorea #nmk #ulkin #lsdcollection #얼킨 #엘에스디 #서울패션위크,0,0,,"['seoulfashionweekfw2021', '2021fw서울패션위크', 'sfw2021fw', 'digitalfashionshow', '서울컬렉션', 'seoulcollection', '국립중앙박물관', 'nationalmuseumofkorea', 'nmk', 'ulkin', 'lsdcollection', '얼킨', '엘에스디', '서울패션위크']",,Twitter Web App
2021-03-23 12:47:46+00:00,1374342106605445120,momoland___jane,momoland__jane,,Republic of Korea,"2. 얼킨 서울패션위크 디지털 패션위크 영상을 시청한 후 폴라로이드 사진을 소장하고 싶은 셀러브리티의 영상 장면을 캡쳐한다.
3. 영상 캡쳐 이미지와 함께 아래 해시 태그를 추가하여 인스타그램에 게시한다.

#ulkin #lsdcollection #얼킨 #엘에스디
* 이벤트 기간: 3/23 - 3/25",0,0,,"['ulkin', 'lsdcollection', '얼킨', '엘에스디']",,Twitter Web App
2021-03-18 17:48:11+00:00,1372605769665761282,CCCB971003_,삼찬E,,,"@gabin_straykids 헐,
헐,
그게그거엿어요??
저는엘에스디 피처링시아길래
우와그랫군요",0,0,,,,Twitter for iPad
2021-03-13 11:11:27+00:00,1370693987829358597,kkkoongya,쿵야,,인장 인망님!!,엘에스디에서 받은고 &gt;.&lt; https://t.co/gXhwKFWTLZ,2,0,,,"[Photo(previewUrl='https://pbs.twimg.com/media/EwWu6GyVEAAoTAe?format=jpg&name=small', fullUrl='https://pbs.twimg.com/media/EwWu6GyVEAAoTAe?format=jpg&name=orig', altText=None)]",Twitter for iPhone
2021-02-20 00:02:48+00:00,1362915569767387136,VirgoSpica_,종말🌠,,pale blue eyes,버킷리스트 중 하나가 사이키델릭의 시작을 만든 엘에스디 빨아보는 거였는데 지금은 아님,0,0,,,,Twitter for Android
2021-02-19 17:50:02+00:00,1362821762191396865,a_morfa_ti,팟이…,,,"@Legend_Knit 그러니까 약간..
엘에스디체험 이런거라는 뜻이죠",0,0,,,,Twitter for iPhone
2021-02-18 11:32:12+00:00,1362364289625907203,CREEN_17,|암요한실장plz|,,nick: 크륜,와 엘에스디 에어팟케이스...............완전예뻐요ㅜ,0,0,,,,Twitter for iPhone
2021-02-13 16:39:21+00:00,1360629647646466048,guamoripotaku,🌟명예 파렴치한관계성콜렉터,,ing.. 스쿨리더 낙엽대 유원 자꾸자꾸,"나...
엘에스디밖에효능몰랏어",0,0,,,,Twitter for iPhone
2021-02-05 15:22:09+00:00,1357711115703099393,uiku_02,이쿠,,H-트레틀 사용,"걍 내가 자캐들 반응 보고싶어서 그린 만화.. 엘디는 귀찮아서 엘에스디로 그림

만약 보신다면.. 좀 쿠소함 주의하셔야할듯ㅋㅋ https://t.co/1091owLpj8",0,0,,,"[Photo(previewUrl='https://pbs.twimg.com/media/EtePA0sVkAEwheo?format=jpg&name=small', fullUrl='https://pbs.twimg.com/media/EtePA0sVkAEwheo?format=jpg&name=orig', altText=None), Photo(previewUrl='https://pbs.twimg.com/media/EtePB9xVoAYwimu?format=jpg&name=small', fullUrl='https://pbs.twimg.com/media/EtePB9xVoAYwimu?format=jpg&name=orig', altText=None), Photo(previewUrl='https://pbs.twimg.com/media/EtePC_cVcAEhDUF?format=jpg&name=small', fullUrl='https://pbs.twimg.com/media/EtePC_cVcAEhDUF?format=jpg&name=orig', altText=None), Photo(previewUrl='https://pbs.twimg.com/media/EtePEDBUcAM6AlX?format=jpg&name=small', fullUrl='https://pbs.twimg.com/media/EtePEDBUcAM6AlX?format=jpg&name=orig', altText=None)]",Twitter for Android
2021-02-01 14:52:45+00:00,1356254165735927813,_Jungsu156,🌸🖤✦ . ˖ ͘ ⭑ ֺ ๋🤍🌸,,I. @OOMW_CMS ⟡ H. ଳ,"아,,,,컴연열기도.ㅈㄴ귀찬다커미션받습니다디엠주세요
신뢰입니다엘에스디두흉반전신고르시면받은만큼어쩌구
믿든지말든지아무튼받습니다
ㄳ합니다",1,0,,,,Twitter Web App
2021-01-27 15:44:03+00:00,1354455134013546496,iv_viviane,ㅌㄹ maojju,,,"옾화 엘에스디
cocaine 쿠쉬
CBD 도리도리팔아요

서울 경기권 최상퀄리티 대마 판매 합니다.
사칭조심 ㅡㅡ 아디정확히보고 문의해라 맞고 괜히 ㅈㄹ 하지말고

트위터 제 프로필 소개에 채널링크 있어요 https://t.co/b5Wc6jsvCb",0,0,,,"[Photo(previewUrl='https://pbs.twimg.com/media/Esv9v5tVcAYf4WH?format=jpg&name=small', fullUrl='https://pbs.twimg.com/media/Esv9v5tVcAYf4WH?format=jpg&name=orig', altText=None)]",Twitter Web App
2021-01-25 09:06:09+00:00,1353630226035576832,ElizabethGietz3,안전한 좌표 바로 발급 사칭조심,,,"엘에스디지속시간
배드트립
푸른술
케이삽니다

텔레 : nursejoy421

사기안당하는방법! 실시간물건인증 못해주면 백프로사기. https://t.co/AJw5d9wX9P",0,0,,,"[Photo(previewUrl='https://pbs.twimg.com/media/EskPfPHU4AInXlp?format=jpg&name=small', fullUrl='https://pbs.twimg.com/media/EskPfPHU4AInXlp?format=jpg&name=orig', altText=None)]",Twitter Web App
2021-01-22 12:14:15+00:00,1352590397495676928,BoraBrown5,Bora Brown,,,"오방
배드트립
액상허브
고기소량입고
엘에스디

텔레그램 gbl42
고블린입니다

밤술에 다 잇습니다 안전거래 라이브인증",0,0,,,,Twitter Web App
2021-01-19 14:24:07+00:00,1351535917668843520,color8838,정모미,,call もみ,"사실 과학교과서에 나오는 한페이지가 온통 새까맣고 행성들만 뙇뙇있는거 보면 좀 묘하게 긴장되고 무섭더라 하지만 일부러 찾아보게됨 마치 괜히 엘에스ㄷㅣ게임을 찾아보는것처럼
스릴의 일종같음",1,0,,,,Twitter Web App
2021-01-17 13:17:29+00:00,1350794372023894017,2ftt0614,러닝 중에 성사된 2ftt!!,,dldpvm614은하 xlxl행성 거주 중,"@보통은 사람이 엘에스디를 빨아묵지 않나요
이 앨에스디는 도트를 빨아먹습니다

뼙다회쨩 빨아묵을 사람",0,0,,,,Twitter for Android
2021-01-17 13:16:48+00:00,1350794200388825088,WTPebble,돌돌,,집,"@2ftt0614 보통은 사람이 엘에스디를 빨아묵지 않나요
이 앨에스디는 도트를 빨아먹습니다",0,0,,,,Twitter for iPhone
2021-01-07 05:22:53+00:00,1347051057369600000,satanicfilly,🕯콜라보 배포중🕯얼듀,,🏳️‍⚧️ She/Her ,"핑크엘에스디 드럼, 베이스까지 그릴 예정",0,0,,,,Twitter for Android
2021-01-01 07:28:03+00:00,1344908230405722112,sorrowslow,deepgreen,,대한민국,"졸피뎀 그것때문이라고??
홍종욱딸래미는 엘에스디 밀반입에 집유 때렸으면서🤬🖕
졸피뎀에 검찰수사라,,밀반입이면 흠~😑
졸피뎀 몇 년전만 해도 온갖 동네병원에서 다처방해줌. 그렇다고 잘했다는건 아니지만😞
중독이 무섭지 그래도 졸피뎀은 금연보다 백배는 쉬워요 수면장애 기타등등 잘 극복하길",0,0,,,,Twitter for iPhone
