type1,type2,date,id,user.username,user.displayname,place,user.location,content,likeCount,retweetCount,viewCount,hashtags,media,sourceLabel
사일로시빈,환각버섯,2021-01-09 01:12:15+00:00,1.34771e+18,TiaWelch16,텔레 gbl42,,,"레드불 weed 레딧입고

아이스복용
환각버섯류팔아요
매스암페타민
바르비탈구매처
카마그라인증

정확하게 확인 하시고 거래해 주세요 https://t.co/6Nevywf4W0",0,0,,,"[Photo(previewUrl='https://pbs.twimg.com/media/ErQJl8eUYAEy4o3?format=jpg&name=small', fullUrl='https://pbs.twimg.com/media/ErQJl8eUYAEy4o3?format=jpg&name=orig', altText=None)]",Twitter Web App
사일로시빈,환각버섯,2021-01-09 11:02:58+00:00,1.34786e+18,Prudenc06014752,텔레 bingre,,,"환각버섯
캐너비스
스컬
네토
바르비탈

#버드구입방법 #몰리 #히로뽕 #캔디팝니다

트위터 제 프로필 소개에 채널링크 있어요",0,0,,"['버드구입방법', '몰리', '히로뽕', '캔디팝니다']",,Twitter Web App
사일로시빈,환각버섯,2021-01-22 09:44:01+00:00,1.35255e+18,AmandaW53804082,Amanda Wright,,,"환각버섯류구합니다
액상허브
암페타민구입처
캔디
크리스털

텔레그램 gangnams
이게 무슨 휴대폰 기계 거래 합니까

경상도쪽 딜러 모집합니다.",0,0,,,,Twitter Web App
사일로시빈,환각버섯,2021-04-25 05:34:56+00:00,1.38619e+18,yoduuream,듀-림,,,"@QroTq5YxNvXxanq #환각버섯
#파퍼드랍
#위드팝니다
#서울작대기",0,0,,"['환각버섯', '파퍼드랍', '위드팝니다', '서울작대기']",,Twitter Web App
사일로시빈,환각버섯,2021-04-25 05:47:30+00:00,1.3862e+18,yoduuream,듀-림,,,"@QroTq5YxNvXxanq #강력엑ㅅㅡ터ㅅㅣㄱㅜㅁㅐ
#환각버섯
#ㅍㅏ퍼드랍
#위드팝ㄴㅣ다",0,0,,"['강력엑ㅅㅡ터ㅅㅣㄱㅜㅁㅐ', '환각버섯', 'ㅍㅏ퍼드랍', '위드팝ㄴㅣ다']",,Twitter Web App
사일로시빈,환각버섯,2021-05-18 07:08:05+00:00,1.39455e+18,AEN2LhgvYhYz5Ev,🇰 🇹 🇼 🇴 ９９텔📩레🏋,,,"scores of tribespeople 환각버섯
파퍼구입
gathered in a ceremony to 찬술얼음
미약효과
remember Prince Philip",0,0,,,,Twitter Web App
사일로시빈,환각버섯,2021-07-24 10:20:00+00:00,1.41888e+18,mamoos79,ㅎㅎ,,,"efforts have been sped #에토미데이트파는곳
up significantly, as a tunnel that was being

#환각버섯
#프로포폴구매
#이태원작대기",0,0,,"['에토미데이트파는곳', '환각버섯', '프로포폴구매', '이태원작대기']",,Twitter Web App
사일로시빈,환각버섯,2021-08-01 03:01:10+00:00,1.42167e+18,26TQp6jKRJStYx,🛠🇰 🇹 🇼 🇴 ９９🛠텔📩레🛠,,,"🗡환각버섯후기
🗡자살약청산가리비용
🗡정품애더럴판매하는곳
Ole Gunnar Solskjaer builds a squad to try to improve on the https://t.co/k5WOToQpp4",0,0,,,"[Photo(previewUrl='https://pbs.twimg.com/media/E7rG0gwVUAEgcf_?format=png&name=small', fullUrl='https://pbs.twimg.com/media/E7rG0gwVUAEgcf_?format=png&name=orig', altText=None)]",Twitter Web App
사일로시빈,환각버섯,2021-08-01 06:14:34+00:00,1.42172e+18,10Lv39Vy5igqWey,🔕🇰 🇹 🇼 🇴 ９９🔕텔📩레🔕,,,"⚫코카인구입방법
⚫환각버섯후기
⚫정품최음제파는곳
earlier this week that the country - whose athletics federation https://t.co/55YNnCYqR6",0,0,,,"[Photo(previewUrl='https://pbs.twimg.com/media/E7ry7WAVgAEfHxL?format=png&name=small', fullUrl='https://pbs.twimg.com/media/E7ry7WAVgAEfHxL?format=png&name=orig', altText=None)]",Twitter Web App
사일로시빈,환각버섯,2021-08-23 08:45:47+00:00,1.42973e+18,VQG1f7xQPxurU3G,🇰 🇹 🇼 🇴 ９９🍲텔📩레🍲,,,"🌽춘약판매하는곳🌿

🌽환각버섯후기🌿

🌽춘약성분🌿

🌽우유주사파는곳🌿

'I very much hope somebody is listening'",0,0,,,,Twitter Web App
사일로시빈,환각버섯,2021-10-14 05:07:37+00:00,1.44852e+18,ymcaaaaaaaa,YMCA,,ym,"aynes' film doesn't try to explain The Velvet Underground 👌🍓#mdma파는곳❤🧡💛💚💙💜🤎mdma파는곳

👌🍓#유흥주점❤🧡💛💚💙💜🤎유흥주점

👌🍓#환각버섯구매❤🧡💛💚💙💜🤎환각버섯구매

👌🍓#펜타닐구매❤🧡💛💚💙💜🤎펜타닐구매

but does its ut☞   A p  m ➑ ➑ ➑ ☜",0,0,,"['mdma파는곳', '유흥주점', '환각버섯구매', '펜타닐구매']",,Twitter Web App
사일로시빈,환각버섯,2021-11-07 13:20:00+00:00,1.45734e+18,Kookie_rabbit91,신혜정,,,"In truth, all 🥽환각버섯퀵배송👙the seamers 🥽환각버섯구입방법👙struggled, with 🥽프로포폴팝니다👙Chris Woakes 🥽프로포폴판매👙uncharacteristically 🥽프로포폴정품파는곳👙off colour in 🥽프로포폴사용법👙conceding 43 from four overs. https://t.co/ep5TYCoNHm",0,0,,,"[Photo(previewUrl='https://pbs.twimg.com/media/FDkx2i2akAA7KrU?format=png&name=small', fullUrl='https://pbs.twimg.com/media/FDkx2i2akAA7KrU?format=png&name=orig', altText=None)]",Twitter Web App
사일로시빈,환각버섯,2021-11-25 05:29:54+00:00,1.46374e+18,s618124794,❤텔＿레 친🧡＿구 맺💛＿기Αpm８８８💚💙,,,"hin, a bulbo🍀 #lsd팝니다

us nose, st🌞 #환각버섯

ra🐎gg🐎ly 🐎grey 🐎

side🐎bu🐎r🐎s,🐎",0,0,,"['lsd팝니다', '환각버섯']",,Twitter Web App
사일로시빈,환각버섯,2021-11-28 01:27:12+00:00,1.46477e+18,Tayo54136515,🟥텔＿레 친🟧＿구 맺🟨＿🟩기Αpm８８８🟪,,,"ow are E 환각버섯 ༼◉_◉ ༽ 

ngland's Covidles ch  ༼◉_◉ ༽ 환각주ㅅ

ㅏ ༼◉_◉ ༽ anging be on?

How are masks ru lsd ༼◉_◉ ༽ 팝니다  ༼◉_◉ ༽ les being tighten⎛° ͜ʖ°⎞⎠ પ ભય નુૂપ꒒ ০ ⌵ ୧ ♡

⎛° ͜ʖ°⎞⎠ પ ભય નુૂપ꒒ ০ ⌵ ୧ ♡

❤💛💚Ａ  P  M  ⑧  ⑧  ⑧💚💛❤

꒒ ০ ⌵ ୧ ♡",0,0,,,,Twitter Web App
사일로시빈,환각버섯,2021-11-28 01:33:56+00:00,1.46477e+18,HJ0ErC3sIhIXolt,엄재성,,,"♡#환각ㅈㅔ♡#프로포폴♧#환각버섯♦︎

♒︎♒︎♒︎♒︎♒︎♒︎♒︎♒︎♒︎♒︎♒︎♒︎♒︎♒︎♒︎♒︎♒︎♒︎",0,0,,"['환각ㅈㅔ', '프로포폴', '환각버섯']",,Twitter Web App
사일로시빈,환각버섯,2022-02-24 12:15:03+00:00,1.49682e+18,YunsigU,Can9999,,,"환각제 LSD, 메스칼린, 실로사이빈( 환각버섯 ),엑스터시( Ecstasy MDMA Molly Pingers)등 

환각제판매

ted pass to roll the ball

소량/대량 판매 중 입니다

텔레can9999",0,0,,,,Twitter Web App
사일로시빈,환각버섯,2022-06-10 05:49:23+00:00,1.53514e+18,hjjang8888,경희,,,"환각버섯 동영상𒂟인증

정신𒊱환각제𒊱최면제𒀪

𒐲🅷🆈🆄🅽
𒍡#서울
𒑚 ❶❻❽❹",0,0,,['서울'],,Twitter Web App
사일로시빈,환각버섯,2022-08-11 05:57:44+00:00,1.55761e+18,emiyagook2zzada,1984,,,"🦒   #환각버섯  　☘️
❉✧˖   팝.니.다  ꒱꒱

˗ˋˏ✄   경북  문경시  🍈 ⌇
🌈   총알 𓂃༞배송  ✨ 

  ୨୧🕊✩･
ꔛ  #강력수면제구입  `*ପଓ*

📱  ✆ℳ┬ճճ৪",0,0,,"['환각버섯', '강력수면제구입']",,Twitter Web App
사일로시빈,환각버섯,2022-10-31 01:44:01+00:00,1.5869e+18,gaulgulum,가을구름,,Seoul.Korea,"깔*끔하고
거*짓없는
거*래

ఫ 환각버섯

భ #브액

Ka↪️Kao
🆔➡️
♛Mye９♛

ಜ 러쉬파퍼 

ఛ 서울 #중구",0,0,,"['브액', '중구']",,Twitter Web App
사일로시빈,환각버섯,2022-10-31 09:25:03+00:00,1.58701e+18,gaulgulum,가을구름,,Seoul.Korea,"Ka↪️Kao
🆔➡️
➥Mye９➥

𝄴 트라마돌

𝅋 #환각버섯 

𝅃 서울 #서대문

𝇏 요힘빈 

깔*끔하고
거*짓없는
거*래",0,0,,"['환각버섯', '서대문']",,Twitter Web App
사일로시빈,환각버섯,2022-11-02 11:18:25+00:00,1.58777e+18,incheonICE,인천 아이스 🧊,,대한민국 연수구,"필로폰, 아이스술, 캔디, 환각버섯 팝니다. 싸게 처분합니다.",0,0,,,,Twitter for iPhone
사일로시빈,환각버섯,2022-12-23 15:28:37+00:00,1.60631e+18,7O9gh9GepShQfTs,이동민,,,"· ··÷¦÷·· ·· ··÷¦÷·· ·· ··÷¦÷·· ·

( . ̫ .)💗 환각 버섯 팝니다
『••✎••』
( . ̫ .)💗 🐳 🐝#스틸녹스판매🐳 🐝

🎨 🎨 🎸★텔레:apam15★🛠️🔭

🚀★카톡:han-me★🏍️. .
🐝#정품스틸녹스판매🐝
༻ ྅ 🥀 ࿑ ࿓.｡.",0,0,33.0,"['스틸녹스판매', '정품스틸녹스판매']",,Botbird tweets
사일로시빈,환각버섯,2023-01-10 16:07:00+00:00,1.61284e+18,shphone04,김승현,,,"· ··÷¦÷·· ·· ··÷¦÷·· ·· ··÷¦÷·· ·

( . ̫ .)💗 환각 버섯 팝니다
『••✎••』
( . ̫ .)💗 🐳 🐝#스틸녹스판매🐳 🐝

🎨 🎨 🎸★텔레:apam15★🛠️🔭

🚀★카톡:han-me★🏍️. .
🐝#정품스틸녹스판매🐝
༻ ྅ 🥀 ࿑ ࿓.｡. https://t.co/2u8vdaLyDs",0,0,5.0,"['스틸녹스판매', '정품스틸녹스판매']","[Photo(previewUrl='https://pbs.twimg.com/media/FmGUANAakAMfqQ4?format=png&name=small', fullUrl='https://pbs.twimg.com/media/FmGUANAakAMfqQ4?format=png&name=orig', altText=None)]",TweetDeck
사일로시빈,환각버섯,2023-01-28 23:49:27+00:00,1.61948e+18,widyafinna,Finna Widya,,,"#클럽마약 #스틸녹스 
  
◈ 텔 zuko450 안전한 서울딜러 네즈코짱 아이스 떨 LSD 캔디 팝니다 
  
코데인  
  
케타민원석  
  
환각버섯판매처  
  
전남드랍퍼구인  
  
진통제팔아요 https://t.co/dSSoIzMQIt",0,0,74.0,"['클럽마약', '스틸녹스']","[Photo(previewUrl='https://pbs.twimg.com/media/FnmPAlLaYAAin0o?format=jpg&name=small', fullUrl='https://pbs.twimg.com/media/FnmPAlLaYAAin0o?format=jpg&name=orig', altText=None)]",Twitter Web App
사일로시빈,환각버섯,2023-01-28 23:58:37+00:00,1.61949e+18,adnanriyadhi84,adnan riyadhi,,Bogor,"#환각제가격 #황술 
  
♧ ㅌㄹㄱㄹ아디:zuko450 전국안전딜러 신뢰/정직/안전 
  
환각버섯사는방법  
  
클럽마약  
  
케타민밀크판매  
  
경상도인증업체  
  
암페타민구매하는법 https://t.co/7gMmdvudMp",0,0,15.0,"['환각제가격', '황술']","[Photo(previewUrl='https://pbs.twimg.com/media/FnmRFhbagAMu-Cc?format=jpg&name=small', fullUrl='https://pbs.twimg.com/media/FnmRFhbagAMu-Cc?format=jpg&name=orig', altText=None)]",Twitter Web App
사일로시빈,환각버섯,2023-01-29 00:13:35+00:00,1.61949e+18,gs862322,gurdeep singh,,,"#콕하는방법 #댑사는방법 
  
☆ 텔레채널 zuko450 
  
케이  
  
삥두판매처  
  
서울드랍  
  
충남드랍  
  
환각버섯판매 https://t.co/gumEdZorcB",0,0,15.0,"['콕하는방법', '댑사는방법']","[Photo(previewUrl='https://pbs.twimg.com/media/FnmUiFtaYAABF_L?format=jpg&name=small', fullUrl='https://pbs.twimg.com/media/FnmUiFtaYAABF_L?format=jpg&name=orig', altText=None)]",Twitter Web App
사일로시빈,환각버섯,2023-01-29 19:57:34+00:00,1.61979e+18,adnanriyadhi84,adnan riyadhi,,Bogor,"Riven_420 &lt;&lt; 텔레 채널검색 ◈ 
▷ 그만속자 인증채널운영중 
  
액떨사는법 환각버섯사는방법 weed팝니다 
LSD 대마초 도리도리구매처 
  
#파티마약 https://t.co/E9UFZwYdm5",0,0,25.0,['파티마약'],"[Photo(previewUrl='https://pbs.twimg.com/media/FnqjiC6aAAA1b6M?format=jpg&name=small', fullUrl='https://pbs.twimg.com/media/FnqjiC6aAAA1b6M?format=jpg&name=orig', altText=None)]",Twitter Web App
사일로시빈,환각버섯,2023-01-29 23:42:42+00:00,1.61984e+18,rafiavatar51,rafi avatar51,,,"▶Riven_420◀ ㅌㄹㄱㄹ 리븐공식채널 ☆ 
♥ 인증보안딜러 좌표 최대 1시간 발급 
  
액상떨구매처 디스펜서리 인천인증업자 
환각버섯파는곳 작대기아이스구입방법 용인드라퍼 
  
#신속배송 https://t.co/NurCd00Dn8",0,0,47.0,['신속배송'],"[Photo(previewUrl='https://pbs.twimg.com/media/FnrXBKWagAACoXf?format=jpg&name=small', fullUrl='https://pbs.twimg.com/media/FnrXBKWagAACoXf?format=jpg&name=orig', altText=None)]",Twitter Web App
사일로시빈,환각버섯,2023-02-02 00:10:31+00:00,1.62094e+18,DiahLusyEvawati,도리도리 떨액 작대기 사끼 팝니다 ㅌㄹpinkman114(마취제 합성대마초팝니다 작대기효과,,,"#부산보안딜러  
문의주세요 텔레 id pinkman114  
  
강북안전드랍  
  
환각버섯  
  
사탕  
  
원석케타민사는곳  
  
암페타민  
  
전북안전드랍 https://t.co/tuQ0MTMlaW",0,0,42.0,['부산보안딜러'],"[Photo(previewUrl='https://pbs.twimg.com/media/Fn66MNKagAAOUjY?format=jpg&name=small', fullUrl='https://pbs.twimg.com/media/Fn66MNKagAAOUjY?format=jpg&name=orig', altText=None)]",Twitter Web App
사일로시빈,환각버섯,2023-02-04 17:20:29+00:00,1.62192e+18,deddy10azwar,dasdasdww,,Banda aceh,"#합성대마  
🍬pinkman114 ㅌㄹㄱㄹ상담🍬 ☎ 
  
도파민  
안전딜러  
환각버섯팔아요  
트라마돌구입  
대마판매처 https://t.co/Zxorr8u8mh",0,0,23.0,['합성대마'],"[Photo(previewUrl='https://pbs.twimg.com/media/FoI5C4paEAAczll?format=jpg&name=small', fullUrl='https://pbs.twimg.com/media/FoI5C4paEAAczll?format=jpg&name=orig', altText=None)]",Twitter Web App
사일로시빈,환각버섯,2023-02-07 20:03:02+00:00,1.62305e+18,fuenterein,Rein dela Fuente,,,"#케타민원석구매처  
☞ pinkman114 ㅌㄹㄱㄹ상담 
  
고퀄아이스  
  
합성떨가격  
  
환각버섯팔아요  
  
엑시터시구입하는방법  
  
짝대기판매합니다  
  
진통제팝니다 https://t.co/cLOu4coUmN",0,0,34.0,['케타민원석구매처'],"[Photo(previewUrl='https://pbs.twimg.com/media/FoY7FkNacAQVq-V?format=jpg&name=small', fullUrl='https://pbs.twimg.com/media/FoY7FkNacAQVq-V?format=jpg&name=orig', altText=None)]",Twitter Web App
사일로시빈,환각버섯,2023-02-08 16:05:37+00:00,1.62335e+18,ghamdiar,인슐린구매 대구실시간좌표 전라도수면제,,,"♠ pinkman1140 ㅌㄹㄱㄹ 핑크맨공식채널 
  
환각버섯구입하는방법  
강남마취제  
경북신의눈물  
코카인  
세종물뽕  
#창원인슐린 #에더블 https://t.co/Mtt1Bf7c9R",0,0,83.0,"['창원인슐린', '에더블']","[Photo(previewUrl='https://pbs.twimg.com/media/FodOP8MaMAAf51t?format=jpg&name=small', fullUrl='https://pbs.twimg.com/media/FodOP8MaMAAf51t?format=jpg&name=orig', altText=None)]",Twitter Web App
사일로시빈,환각버섯,2023-02-09 09:49:38+00:00,1.62362e+18,gogo_sarwat,대전드러그 전남액상대마 전국몰리,,,"★ ㅌㄹ:pinkman114 
  
경기도환각버섯  
용인케이  
drug도매  
케타민원석구하는법  
경상도황술  
#파티마약 #충청도우유주사 https://t.co/6x4djrMQnH",0,0,47.0,"['파티마약', '충청도우유주사']","[Photo(previewUrl='https://pbs.twimg.com/media/FohBzmeacAEd0MO?format=jpg&name=small', fullUrl='https://pbs.twimg.com/media/FohBzmeacAEd0MO?format=jpg&name=orig', altText=None)]",Twitter Web App
사일로시빈,환각버섯,2023-02-13 11:58:36+00:00,1.6251e+18,ianaguirrehita,ianaguirrehita,,,"#울산브액  
☞ 24시간 상담대기  p i n k m a n 114 
  
러쉬  
  
얼음구하는법  
  
총알좌표  
  
부산weed  
  
환각버섯  
  
강원도대마초 https://t.co/QAckOxjbVb",0,0,36.0,['울산브액'],"[Photo(previewUrl='https://pbs.twimg.com/media/Fo2Fu_CakAEFHPW?format=png&name=small', fullUrl='https://pbs.twimg.com/media/Fo2Fu_CakAEFHPW?format=png&name=orig', altText=None)]",Twitter Web App
사일로시빈,환각버섯,2023-02-16 05:21:09+00:00,1.62609e+18,destinygamer35,destiny jr,,,"☞ 텔 레 문 의  p i n k m a n 1140 
★ 최고의 퀄리티 자부합니다 
경남진통제  
합성대마초구매처  
콕구입  
경상도환각버섯  
Molly하는법  
파퍼  
#경기도뽕 https://t.co/HkvDA3czfx",0,0,28.0,['경기도뽕'],"[Photo(previewUrl='https://pbs.twimg.com/media/FpEHjzmaAAIS1f1?format=jpg&name=small', fullUrl='https://pbs.twimg.com/media/FpEHjzmaAAIS1f1?format=jpg&name=orig', altText=None)]",Twitter Web App
사일로시빈,환각버섯,2023-02-21 16:34:37+00:00,1.62807e+18,cws777,T E L : p믿고 거래하는 안전상선p도리도리 떨액 작대기 사끼 팝니다 ㅌㄹpinkman,,,"★ p i n k m a n 114텔레상담 ☞ 
#수면제사는곳  
  
부산케이 전북크리스탈 
  
강원도수면제 인천좌표 
  
헤로인후기 수원환각버섯 https://t.co/pResQKwAsR",0,0,94.0,['수면제사는곳'],"[Photo(previewUrl='https://pbs.twimg.com/media/FpgRnXzaMAEwntG?format=jpg&name=small', fullUrl='https://pbs.twimg.com/media/FpgRnXzaMAEwntG?format=jpg&name=orig', altText=None)]",Twitter Web App
사일로시빈,환각버섯,2023-02-21 17:17:17+00:00,1.62808e+18,manishbhai330,사기당하지마시사기당하지마시고 도리도리 떨액 작대기 사끼 팝니다 ㅌㄹpinkman114(핑크,,,"♥ Telegram ID :  p i n k m a n 114 ☞ 
#강원도트라마돌  
  
강북마리화나 고퀄아이스판매처 
  
부산작대기술 충북환각버섯 
  
밀크케타민구매 전북안전딜러 https://t.co/g5sne6SMS7",0,0,46.0,['강원도트라마돌'],"[Photo(previewUrl='https://pbs.twimg.com/media/FpgbY5JakAA53Co?format=jpg&name=small', fullUrl='https://pbs.twimg.com/media/FpgbY5JakAA53Co?format=jpg&name=orig', altText=None)]",Twitter Web App
사일로시빈,환각버섯,2023-02-21 20:37:06+00:00,1.62813e+18,nasorla,p텔레 pi서울 즉시좌표 ㅌㄹpinkman114(충북디스펜서리),,,"★ 텔레채널  p i n k m a n 114 ▶ 
#강동하선모집  
  
도리도리 찬술구하는법 
  
서울환각버섯 콕 
  
엑스터시구매처 경북케미컬약 https://t.co/AzQ9xda2ec",0,0,62.0,['강동하선모집'],"[Photo(previewUrl='https://pbs.twimg.com/media/FphJHyIaAAE9iGf?format=jpg&name=small', fullUrl='https://pbs.twimg.com/media/FphJHyIaAAE9iGf?format=jpg&name=orig', altText=None)]",Twitter Web App
사일로시빈,환각버섯,2023-02-22 23:43:18+00:00,1.62854e+18,syafirah07,Nurul Safirah,,,"☆ 후기 및 공지채널 텔레pinkman1140 
  
GHB 밀크케타민 
용인대마액상 울산케이밀크 
케이밀크구매하는법 광주머쉬룸 
환각버섯 부산드랍 
  
#클럽drug https://t.co/u6fhzKjcHp",0,0,112.0,['클럽drug'],"[Photo(previewUrl='https://pbs.twimg.com/media/Fpm9WdTacAAe2XR?format=jpg&name=small', fullUrl='https://pbs.twimg.com/media/Fpm9WdTacAAe2XR?format=jpg&name=orig', altText=None)]",Twitter Web App
사일로시빈,환각버섯,2023-02-23 20:24:55+00:00,1.62885e+18,wawanajja18,Bunda Radja,,,"☎ 텔  p i n k m a n 114 안전한 서울딜러 핑크맨 아이스 떨 LSD 캔디 팝니다 
  
전라도빙두 충북환각버섯 
케타민구입 삥두구하는곳 
강서weed 파퍼구입방법 
  
#허브액상판매 https://t.co/tvWIsKaepV",0,0,51.0,['허브액상판매'],"[Photo(previewUrl='https://pbs.twimg.com/media/FprZiS1aEAALY-4?format=jpg&name=small', fullUrl='https://pbs.twimg.com/media/FprZiS1aEAALY-4?format=jpg&name=orig', altText=None)]",Twitter Web App
사일로시빈,환각버섯,2023-02-25 18:40:17+00:00,1.62955e+18,diery_hidayat,diery,,,"#인증딜러  
● ㅌㄹㄱㄹ : p i n k m a n 1 1 4 
  
히로뽕구하는곳  
엑스터시  
환각버섯구매처  
대마효과  
인천북한산빙두  
전북작대기아이스 https://t.co/qY0EZmq5KN",0,0,44.0,['인증딜러'],"[Photo(previewUrl='https://pbs.twimg.com/media/Fp1Uwj1aAAAdkw2?format=jpg&name=small', fullUrl='https://pbs.twimg.com/media/Fp1Uwj1aAAAdkw2?format=jpg&name=orig', altText=None)]",Twitter Web App
사일로시빈,환각버섯,2023-02-27 21:35:08+00:00,1.63032e+18,poetrishiverz,putri,,,"★ 텔레문의 - p i n k m a n 114 
  
#스페셜케타민판매합니다  
부산s케타민  
  
허브액상판매  
  
용인인증딜러  
  
인천액상대마  
  
세종환각버섯  
  
케타민밀크구매방법 https://t.co/aWhS8jwWyf",0,0,25.0,['스페셜케타민판매합니다'],"[Photo(previewUrl='https://pbs.twimg.com/media/FqAP9QeaIAAk6lw?format=jpg&name=small', fullUrl='https://pbs.twimg.com/media/FqAP9QeaIAAk6lw?format=jpg&name=orig', altText=None)]",Twitter Web App
사일로시빈,환각버섯,2023-02-27 22:42:55+00:00,1.63034e+18,jannahshohibah,jannah,,,"☏ 텔레문의 - p i n k m a n 114 
  
#부산발정제  
환각버섯  
  
인천작대기술  
  
경기도허브액상  
  
코데인가격  
  
대구드랍퍼모집  
  
우유주사하는법 https://t.co/qZFvxE7ZFK",0,0,79.0,['부산발정제'],"[Photo(previewUrl='https://pbs.twimg.com/media/FqAfedbakAE4Exx?format=jpg&name=small', fullUrl='https://pbs.twimg.com/media/FqAfedbakAE4Exx?format=jpg&name=orig', altText=None)]",Twitter Web App
사일로시빈,환각버섯,2023-02-28 06:35:09+00:00,1.63046e+18,Shafer10c,vida Shafer,,,"♧ 텔레24시상담 - p i n k m a n 114 
  
대전조인트  
캔디케이  
광주케이  
환각버섯  
스틸녹스구입  
액상떨  
#창원케이밀크 https://t.co/0OuWgFHziU",0,0,63.0,['창원케이밀크'],"[Photo(previewUrl='https://pbs.twimg.com/media/FqCLjEUaEAAHxlM?format=jpg&name=small', fullUrl='https://pbs.twimg.com/media/FqCLjEUaEAAHxlM?format=jpg&name=orig', altText=None)]",Twitter Web App
사일로시빈,환각버섯,2023-02-28 07:15:03+00:00,1.63047e+18,Camet211,filide Camet,,,"● 텔레24시상담 - p i n k m a n 114 
  
경상도좌표딜러모집  
환각버섯구하는곳  
강북우유주사  
마약구매  
강서북한산빙두  
클럽drug판매처  
#충남랏슈 https://t.co/DKPn7tnaSh",0,0,30.0,['충남랏슈'],"[Photo(previewUrl='https://pbs.twimg.com/media/FqCUtRiaIAAtX9r?format=jpg&name=small', fullUrl='https://pbs.twimg.com/media/FqCUtRiaIAAtX9r?format=jpg&name=orig', altText=None)]",Twitter Web App
사일로시빈,환각버섯,2023-02-28 07:41:02+00:00,1.63047e+18,nurwindaastuti,nurwinda astuti,,,"♧ 텔레24시상담 - p i n k m a n 114 
  
환각버섯  
아이스판매처  
전북인증업자  
성남드라퍼  
충북수면제  
경상도짝대기  
#찬술 https://t.co/5kRHqbpqJk",0,0,48.0,['찬술'],"[Photo(previewUrl='https://pbs.twimg.com/media/FqCap1DaYAEp5rG?format=jpg&name=small', fullUrl='https://pbs.twimg.com/media/FqCap1DaYAEp5rG?format=jpg&name=orig', altText=None)]",Twitter Web App
사일로시빈,환각버섯,2023-02-28 16:09:59+00:00,1.6306e+18,Adam56m,veronique Adam,,,"▶ 텔 레 그 램 - p i n k m a n 114 
  
경상도환각버섯  
전북차가운술  
삥두  
강북찬술  
경북안전딜러  
경기도보안드랍  
  
#액상대마 https://t.co/xbhFdnnteb",0,0,45.0,['액상대마'],"[Photo(previewUrl='https://pbs.twimg.com/media/FqEPHA7aIAcAsDh?format=jpg&name=small', fullUrl='https://pbs.twimg.com/media/FqEPHA7aIAcAsDh?format=jpg&name=orig', altText=None)]",Twitter Web App
사일로시빈,환각버섯,2023-02-28 18:59:41+00:00,1.63064e+18,kimibrat_ital,Kristal Allego Yap,,,"♡ 텔 레 그 램 - p i n k m a n 114 
  
원석케타민구입방법  
경남찬술  
전북환각버섯  
작대기구매처  
정글주스효과  
인슐린후기  
  
#경남하선구함 https://t.co/ibspSFzfon",0,0,61.0,['경남하선구함'],"[Photo(previewUrl='https://pbs.twimg.com/media/FqE1-DRaUAE5K-u?format=jpg&name=small', fullUrl='https://pbs.twimg.com/media/FqE1-DRaUAE5K-u?format=jpg&name=orig', altText=None)]",Twitter Web App
사일로시빈,환각버섯,2023-02-28 20:32:59+00:00,1.63067e+18,LisaDowsen,Lisa downsen,,,"☏ 텔 레 그 램 - p i n k m a n 114 
  
경기도고기  
마리화나사는곳  
케이구입하는법  
Molly구입하는방법  
마약  
환각버섯  
  
#하이드로몰핀 https://t.co/OeNXnm00x4",0,0,21.0,['하이드로몰핀'],"[Photo(previewUrl='https://pbs.twimg.com/media/FqFLS5WagAAr-by?format=jpg&name=small', fullUrl='https://pbs.twimg.com/media/FqFLS5WagAAr-by?format=jpg&name=orig', altText=None)]",Twitter Web App
사일로시빈,환각버섯,2023-02-28 22:47:39+00:00,1.6307e+18,afxmarvel3,afxmarvel3,,,"☏ 텔 레 그 램 - p i n k m a n 114 
  
환각버섯  
허브사는방법  
찬술후기  
광주즉시좌표  
인슐린  
하이드로몰핀판매  
  
#대구뽕 https://t.co/gC85CMQJ8g",0,0,31.0,['대구뽕'],"[Photo(previewUrl='https://pbs.twimg.com/media/FqFqJZ9aAAU1_0h?format=jpg&name=small', fullUrl='https://pbs.twimg.com/media/FqFqJZ9aAAU1_0h?format=jpg&name=orig', altText=None)]",Twitter Web App
사일로시빈,환각버섯,2023-03-01 01:42:05+00:00,1.63075e+18,ikizchan,ikiz chan,,,"▶ 텔 레 그 램 - p i n k m a n 114 
  
모르핀구매방법  
진통제  
강동파티마약  
환각버섯  
졸피뎀사는방법  
스틸녹스파는곳  
  
#강서원석케이 https://t.co/oGEvJow0To",0,0,128.0,['강서원석케이'],"[Photo(previewUrl='https://pbs.twimg.com/media/FqGSFF9aAAAs5JN?format=jpg&name=small', fullUrl='https://pbs.twimg.com/media/FqGSFF9aAAAs5JN?format=jpg&name=orig', altText=None)]",Twitter Web App
사일로시빈,환각버섯,2023-03-01 02:25:51+00:00,1.63076e+18,Draffin78n,kellsie Draffin,,,"★ 텔 레 그 램 - p i n k m a n 114 
  
전라도콕  
수원원석케이  
차가운술구매방법  
환각버섯하는방법  
정글주스하는방법  
인천도리도리  
  
#필로폰구매 https://t.co/9dQUm3TPpZ",0,0,78.0,['필로폰구매'],"[Photo(previewUrl='https://pbs.twimg.com/media/FqGcFT1aAAAhVGE?format=jpg&name=small', fullUrl='https://pbs.twimg.com/media/FqGcFT1aAAAhVGE?format=jpg&name=orig', altText=None)]",Twitter Web App
사일로시빈,환각버섯,2023-03-01 13:03:37+00:00,1.63092e+18,sarahiseeu,Carmen Nunez,,,"◈ 텔 레 문의 - pink m a n 114 
전국암페타민  
짝대기  
Molly구하는곳  
대구인증업자  
환각버섯  
  
#대전북한산술 https://t.co/8wqID0Rg4t",0,0,15.0,['대전북한산술'],"[Photo(previewUrl='https://pbs.twimg.com/media/FqIuC4takAEz82D?format=jpg&name=small', fullUrl='https://pbs.twimg.com/media/FqIuC4takAEz82D?format=jpg&name=orig', altText=None)]",Twitter Web App
사일로시빈,환각버섯,2023-03-01 13:34:42+00:00,1.63092e+18,ShavonLofton641,Shavon Lofton,,,"♠ 텔 레 문의 - pink m a n 114 
용인보안좌표  
경상도밀크케이  
광주최음제  
떨액상  
전국환각버섯  
  
#뽕아이스하는방법 https://t.co/8Tx57z7zEF",0,0,51.0,['뽕아이스하는방법'],"[Photo(previewUrl='https://pbs.twimg.com/media/FqI1LudakAAITZv?format=jpg&name=small', fullUrl='https://pbs.twimg.com/media/FqI1LudakAAITZv?format=jpg&name=orig', altText=None)]",Twitter Web App
사일로시빈,환각버섯,2023-03-01 15:05:21+00:00,1.63095e+18,ititsan,Nastiti Sulustyorini,,,"▶ 텔 레 문의 - pink m a n 114 
부산환각버섯  
작대기술  
대구도리도리  
경상도전문딜러  
패치구입방법  
  
#짝대기 https://t.co/f9Zrjci2bf",0,0,71.0,['짝대기'],"[Photo(previewUrl='https://pbs.twimg.com/media/FqJJ69oaMAEczv9?format=png&name=small', fullUrl='https://pbs.twimg.com/media/FqJJ69oaMAEczv9?format=png&name=orig', altText=None)]",Twitter Web App
사일로시빈,환각버섯,2023-03-01 20:15:27+00:00,1.63103e+18,velisia_ollin,νɐℓιŝια σℓℓιи τ ◦♡,,Banjarmasin,"▶ 텔 레 문의 - pink m a n 114 
패치하는방법  
포도허브상선  
대구즉시좌표  
원석케이구매  
경상도환각버섯  
  
#강남액상대마 https://t.co/Sq42gg0RCs",0,0,18.0,['강남액상대마'],"[Photo(previewUrl='https://pbs.twimg.com/media/FqKQ6ixakAAIDcb?format=jpg&name=small', fullUrl='https://pbs.twimg.com/media/FqKQ6ixakAAIDcb?format=jpg&name=orig', altText=None)]",Twitter Web App
사일로시빈,환각버섯,2023-03-02 04:09:35+00:00,1.63114e+18,krystelle_o24,krystelle joyce ando,,,"◈ 텔 레 문의 - pink m a n 114 
스틸녹스  
서울안전딜러  
황술  
경북환각버섯  
뽕아이스  
  
#환각제판매 https://t.co/GMMVhilTfi",0,0,32.0,['환각제판매'],"[Photo(previewUrl='https://pbs.twimg.com/media/FqL9Z-3aYAAGXSn?format=jpg&name=small', fullUrl='https://pbs.twimg.com/media/FqL9Z-3aYAAGXSn?format=jpg&name=orig', altText=None)]",Twitter Web App
사일로시빈,환각버섯,2023-03-06 03:55:22+00:00,1.63259e+18,i291828stjc,김은실,,,"╒◖══Ｋạ톡 🆔══◗╕

우울증 퇴치 마법의 버섯 환각 버섯 

트라마돌 파는곳

#우유주ㅅㅏ

╘◖══Knocc══◗╛

실시간 당일만남 오프녀 폰섹",0,0,56.0,['우유주ㅅㅏ'],,Twitter Web App
사일로시빈,마법의버섯,2023-03-06 03:55:22+00:00,1.63259e+18,i291828stjc,김은실,,,"╒◖══Ｋạ톡 🆔══◗╕

우울증 퇴치 마법의 버섯 환각 버섯 

트라마돌 파는곳

#우유주ㅅㅏ

╘◖══Knocc══◗╛

실시간 당일만남 오프녀 폰섹",0,0,57.0,['우유주ㅅㅏ'],,Twitter Web App
사일로시빈,마법의버섯,2023-03-06 06:59:41+00:00,1.63264e+18,Www419dfsee,함현주,,,"╒◖══Ｋạ톡 🆔══◗╕

우울증 퇴치 마법의 버섯 환각 버섯 

랏슈 구입방법

#뽕

╘◖══Knocc══◗╛

안마 오늘조건 몸짱녀 맘눌뎀",0,0,51.0,['뽕'],,Twitter Web App
사일로시빈,환각버섯,2023-03-06 06:59:41+00:00,1.63264e+18,Www419dfsee,함현주,,,"╒◖══Ｋạ톡 🆔══◗╕

우울증 퇴치 마법의 버섯 환각 버섯 

랏슈 구입방법

#뽕

╘◖══Knocc══◗╛

안마 오늘조건 몸짱녀 맘눌뎀",0,0,50.0,['뽕'],,Twitter Web App
사일로시빈,환각버섯,2023-03-06 18:08:15+00:00,1.63281e+18,LedxaLimrasco,파퍼구입해시시구하는법 원석케타민 창원사탕(강원도고기),,,"◈ 텔id: p i n k m a n 1 1 4 
  
원석케타민상선  
인천발정제  
환각버섯판매합니다  
파퍼사는곳  
사탕하는법  
전국좌표딜러구함  
#대구신속드랍 https://t.co/WWbDB4MYlF",0,0,60.0,['대구신속드랍'],"[Photo(previewUrl='https://pbs.twimg.com/media/FqjjuuPaYAARU4t?format=jpg&name=small', fullUrl='https://pbs.twimg.com/media/FqjjuuPaYAARU4t?format=jpg&name=orig', altText=None)]",Twitter Web App
사일로시빈,환각버섯,2023-03-07 03:17:27+00:00,1.63294e+18,reflypangayon,강짝대액브구하는곳서울드라퍼구인 작대기효과 성남트라마돌(코카인가격),,,"▶ 텔id: p i n k m a n 1 1 4 
  
환각버섯구입하는방법  
충청도고퀄아이스  
경북북한산아이스  
해시시구하는곳  
용인드랍퍼모집  
캔디  
#weed구입방법 https://t.co/Jq6zwWzUSm",0,0,60.0,['weed구입방법'],"[Photo(previewUrl='https://pbs.twimg.com/media/FqlhcE2aUAAf1bQ?format=jpg&name=small', fullUrl='https://pbs.twimg.com/media/FqlhcE2aUAAf1bQ?format=jpg&name=orig', altText=None)]",Twitter Web App
사일로시빈,마법의버섯,2023-03-07 06:31:01+00:00,1.63299e+18,syyk77cvoe,이윤경,,대한민국 대구,"╓══Ｋạ톡 🆔══╖

우울증 퇴치 마법의 버섯 환각 버섯 

러쉬파퍼 파는곳

#발정ㅈㅔ

╙══Knocc══╜

노ㅊㅓ녀 복근 로망트",0,0,79.0,['발정ㅈㅔ'],,Twitter Web App
사일로시빈,환각버섯,2023-03-07 06:31:01+00:00,1.63299e+18,syyk77cvoe,이윤경,,대한민국 대구,"╓══Ｋạ톡 🆔══╖

우울증 퇴치 마법의 버섯 환각 버섯 

러쉬파퍼 파는곳

#발정ㅈㅔ

╙══Knocc══╜

노ㅊㅓ녀 복근 로망트",0,0,79.0,['발정ㅈㅔ'],,Twitter Web App
사일로시빈,환각버섯,2023-03-07 13:12:52+00:00,1.63309e+18,elizhadushku21,도리도리 케미컬약구매방법 밀크케타민도매(케이캔디),,au,"☎ 텔id: p i n k m a n 1 1 4 
  
강동즉시좌표  
환각버섯상선  
엑시  
좌표딜러모집  
아이스  
강동대마  
#신의눈물하는방법 https://t.co/04A3nkeR5z",0,0,61.0,['신의눈물하는방법'],"[Photo(previewUrl='https://pbs.twimg.com/media/FqnptM_aAAIhR-5?format=jpg&name=small', fullUrl='https://pbs.twimg.com/media/FqnptM_aAAIhR-5?format=jpg&name=orig', altText=None)]",Twitter Web App
사일로시빈,환각버섯,2023-03-08 01:09:00+00:00,1.63327e+18,ESCANDON_1307,허용인도리도리 사끼 경남전문딜러(케타민),,,"☏ 텔 I D : p i n k m a n 1 1 4 
  
인천파티마약  
대구엑시터시  
부산케타민원석  
환각버섯구입  
밀크케타민구하는법  
액상떨  
  
#포도허브하는방법 https://t.co/6xYw2Np6PR",0,0,88.0,['포도허브하는방법'],"[Photo(previewUrl='https://pbs.twimg.com/media/FqqNoq0aUAE5-Ie?format=jpg&name=small', fullUrl='https://pbs.twimg.com/media/FqqNoq0aUAE5-Ie?format=jpg&name=orig', altText=None)]",Twitter Web App
사일로시빈,환각버섯,2023-03-08 17:09:25+00:00,1.63352e+18,alvinaustria21,alvin austria,,,"#충남안전업체  
◈ 텔레그램 채널  p i n k m a n 1 1 4 0 
  
고기  
  
러쉬  
  
환각버섯구하는법  
  
대전weed  
  
클럽파티  
  
모르핀구입 https://t.co/YypLiKcxMG",0,0,47.0,['충남안전업체'],"[Photo(previewUrl='https://pbs.twimg.com/media/FqtpbO7aAAM2r3G?format=jpg&name=small', fullUrl='https://pbs.twimg.com/media/FqtpbO7aAAM2r3G?format=jpg&name=orig', altText=None)]",Twitter Web App
사일로시빈,환각버섯,2023-03-08 17:23:12+00:00,1.63352e+18,haruko_malen,swaptika,,,"#전라도우유주사  
♥ 텔레그램 채널  p i n k m a n 1 1 4 0 
  
뽕  
  
경북수면제  
  
헤로인판매합니다  
  
환각버섯  
  
원석케타민  
  
액떨 https://t.co/CZt7jLEDG8",0,0,24.0,['전라도우유주사'],"[Photo(previewUrl='https://pbs.twimg.com/media/Fqtsm4TakAAzIFK?format=jpg&name=small', fullUrl='https://pbs.twimg.com/media/Fqtsm4TakAAzIFK?format=jpg&name=orig', altText=None)]",Twitter Web App
사일로시빈,환각버섯,2023-03-09 17:51:35+00:00,1.63389e+18,shalfarezkiana,shalfa rezkiana,,,"#인슐린판매  
♥ 텔레그램 채널  p i n k m a n 1 1 4 0 
  
케타민원석구매방법  
  
에더블판매처  
  
환각버섯구매처  
  
모르핀  
  
울산보안좌표  
  
발정제팝니다 https://t.co/6MXfrpL2k9",0,0,53.0,['인슐린판매'],"[Photo(previewUrl='https://pbs.twimg.com/media/Fqy8sHsagAI9hz3?format=png&name=small', fullUrl='https://pbs.twimg.com/media/Fqy8sHsagAI9hz3?format=png&name=orig', altText=None)]",Twitter Web App
사일로시빈,환각버섯,2023-03-09 19:16:58+00:00,1.63391e+18,ubhewanemo,subhan bahtiar,,,"#대구엘에스디  
● 텔레그램 채널  p i n k m a n 1 1 4 0 
  
총알드랍  
  
강원도대마초  
  
인천드랍퍼구인  
  
캔디후기  
  
사탕도매  
  
환각버섯구입 https://t.co/QsYoxKSJsG",0,0,55.0,['대구엘에스디'],"[Photo(previewUrl='https://pbs.twimg.com/media/FqzQPAmakAEKGUf?format=jpg&name=small', fullUrl='https://pbs.twimg.com/media/FqzQPAmakAEKGUf?format=jpg&name=orig', altText=None)]",Twitter Web App
사일로시빈,환각버섯,2023-03-10 07:23:27+00:00,1.63409e+18,jin8188cvcv,김동욱,,,"╒◖══Ｋạ톡 🆔══◗╕

우울증 퇴치 마법의 버섯 환각 버섯 

#프로포폴

우유주사 판매

╘◖══Knocc══◗╛

자위영상 네토 영섹 당일만남",0,0,181.0,['프로포폴'],,Twitter Web App
사일로시빈,마법의버섯,2023-03-10 07:23:27+00:00,1.63409e+18,jin8188cvcv,김동욱,,,"╒◖══Ｋạ톡 🆔══◗╕

우울증 퇴치 마법의 버섯 환각 버섯 

#프로포폴

우유주사 판매

╘◖══Knocc══◗╛

자위영상 네토 영섹 당일만남",0,0,184.0,['프로포폴'],,Twitter Web App
사일로시빈,환각버섯,2023-03-10 09:16:12+00:00,1.63412e+18,jin8188cvcv,김동욱,,,"╒◖══Ｋạ톡 🆔══◗╕

약효 빠른 강력 수면제 졸피뎀 

#ㄷㅣ프리반

환각버섯 파는곳

╘◖══Knocc══◗╛

팬티 펨돔 뚱녀성애자 맛집",0,0,294.0,['ㄷㅣ프리반'],,Twitter Web App
사일로시빈,환각버섯,2023-03-10 10:16:33+00:00,1.63414e+18,lebookzhu,수충청도신의눈물 우유주사 용인사탕(),,,"● ㅌㄹㄱㄹ  p i n k m a n 1 1 4 
액상떨판매합니다  
환각파티  
액브효과  
충남환각버섯  
전국뽕  
강북디스펜서리  
#서울신의눈물 https://t.co/g1ZxHfh137",0,0,38.0,['서울신의눈물'],"[Photo(previewUrl='https://pbs.twimg.com/media/Fq2eIuSaUAASI4N?format=jpg&name=small', fullUrl='https://pbs.twimg.com/media/Fq2eIuSaUAASI4N?format=jpg&name=orig', altText=None)]",Twitter Web App
사일로시빈,환각버섯,2023-03-10 11:52:17+00:00,1.63416e+18,a_gunaz,신의눈물 충북하이드로몰핀 경남아이스뽕(),,,"☆ ㅌㄹㄱㄹ  p i n k m a n 1 1 4 
허브액상사는방법  
강북신속배송  
파티마약구매처  
강동수면제  
충청도하선모집  
환각버섯구매하는법  
#떨액구매처 https://t.co/cfPeuFg0fc",1,0,160.0,['떨액구매처'],"[Photo(previewUrl='https://pbs.twimg.com/media/Fq20EZ5acAA6aSw?format=jpg&name=small', fullUrl='https://pbs.twimg.com/media/Fq20EZ5acAA6aSw?format=jpg&name=orig', altText=None)]",Twitter Web App
사일로시빈,환각버섯,2023-03-11 08:28:08+00:00,1.63447e+18,suicide_luver,수면유도제상선 경남마약 성남하이드로몰핀(),,,"♧ ㅌㄹㄱㄹ : p i n k m a n 1 1 4 
  
해시시  
1g가격  
코데인팝니다  
파퍼상선  
브액파는곳  
인천하선구함  
#환각버섯 https://t.co/z9YaSwWOnW",0,0,82.0,['환각버섯'],"[Photo(previewUrl='https://pbs.twimg.com/media/Fq7O5m4aAAEbHLM?format=jpg&name=small', fullUrl='https://pbs.twimg.com/media/Fq7O5m4aAAEbHLM?format=jpg&name=orig', altText=None)]",Twitter Web App
사일로시빈,환각버섯,2023-03-11 08:49:12+00:00,1.63448e+18,bambang_monbet,수원트라마돌 고퀄아이스 진통제(),,Kasongan,"○ ㅌㄹㄱㄹ : p i n k m a n 1 1 4 
  
경남우유주사  
울산조인트  
섹스마약구매  
대전삥두  
디스펜서리  
강서환각버섯  
#환각버섯 https://t.co/P4Dg4GeOwS",0,0,205.0,['환각버섯'],"[Photo(previewUrl='https://pbs.twimg.com/media/Fq7TvTXaAAAMXik?format=jpg&name=small', fullUrl='https://pbs.twimg.com/media/Fq7TvTXaAAAMXik?format=jpg&name=orig', altText=None)]",Twitter Web App
사일로시빈,환각버섯,2023-03-12 13:14:30+00:00,1.63491e+18,SiuDaria,고퀄아이스사는전라도뽕아이스 섹스마약 포도허브팔아요(마리화나하는법),,,"♧ 텔레그램24시상담 : p i n k m a n 1 1 4 
  
황술 각성제 
  
인증업체 신의눈물 
  
환각버섯판매 짝대기 
  
#스페셜케타민하는방법 https://t.co/lETXadVw1a",0,0,45.0,['스페셜케타민하는방법'],"[Photo(previewUrl='https://pbs.twimg.com/media/FrBaCagagAMRg_v?format=jpg&name=small', fullUrl='https://pbs.twimg.com/media/FrBaCagagAMRg_v?format=jpg&name=orig', altText=None)]",Twitter Web App
사일로시빈,마법의버섯,2023-03-13 04:03:53+00:00,1.63513e+18,jdexca6540,정다은,,,"╒◖══Ｋạ톡 🆔══◗╕

우울증 퇴치 마법의 버섯 환각 버섯 

#졸ㅍㅣ뎀

프로포폴 팝니다

╘◖══Knocc══◗╛

짜릿한 가수 맘눌뎀 맬섭",0,0,178.0,['졸ㅍㅣ뎀'],,Twitter Web App
사일로시빈,환각버섯,2023-03-13 04:03:53+00:00,1.63513e+18,jdexca6540,정다은,,,"╒◖══Ｋạ톡 🆔══◗╕

우울증 퇴치 마법의 버섯 환각 버섯 

#졸ㅍㅣ뎀

프로포폴 팝니다

╘◖══Knocc══◗╛

짜릿한 가수 맘눌뎀 맬섭",0,0,177.0,['졸ㅍㅣ뎀'],,Twitter Web App
사일로시빈,마법의버섯,2023-03-13 05:19:04+00:00,1.63515e+18,jdexca6540,정다은,,,"╒◖══Ｋạ톡 🆔══◗╕

우울증 퇴치 마법의 버섯 환각 버섯 

#졸ㅍㅣ뎀

수면제 구입방법

╘◖══Knocc══◗╛

불금 동영상 보지 온플",0,0,126.0,['졸ㅍㅣ뎀'],,Twitter Web App
사일로시빈,환각버섯,2023-03-13 05:19:04+00:00,1.63515e+18,jdexca6540,정다은,,,"╒◖══Ｋạ톡 🆔══◗╕

우울증 퇴치 마법의 버섯 환각 버섯 

#졸ㅍㅣ뎀

수면제 구입방법

╘◖══Knocc══◗╛

불금 동영상 보지 온플",0,0,126.0,['졸ㅍㅣ뎀'],,Twitter Web App
사일로시빈,환각버섯,2023-03-13 05:44:31+00:00,1.63515e+18,kejms8xc_kjejms,정지원,,,"예약⋟－Аҳŗịṅḡ－⋞

#환각버섯 

트라마돌 팝니다

트라마돌 후기

충북  충주  오늘🌙밤 도착",0,0,13.0,['환각버섯'],,Twitter Web App
사일로시빈,마법의버섯,2023-03-13 06:34:09+00:00,1.63517e+18,0420cx3zsarah,남정길,,,"╒◖══Ｋạ톡 🆔══◗╕

우울증 퇴치 마법의 버섯 환각 버섯 

#엑스터ㅅㅣ

클럽캔디 구입방법

╘◖══Knocc══◗╛

선물 몸ㅍㅏ는여자 하트복근 기저귀",0,0,75.0,['엑스터ㅅㅣ'],,Twitter Web App
사일로시빈,환각버섯,2023-03-13 06:34:09+00:00,1.63517e+18,0420cx3zsarah,남정길,,,"╒◖══Ｋạ톡 🆔══◗╕

우울증 퇴치 마법의 버섯 환각 버섯 

#엑스터ㅅㅣ

클럽캔디 구입방법

╘◖══Knocc══◗╛

선물 몸ㅍㅏ는여자 하트복근 기저귀",0,0,75.0,['엑스터ㅅㅣ'],,Twitter Web App
사일로시빈,환각버섯,2023-03-13 07:49:23+00:00,1.63519e+18,jdexca6540,정다은,,,"╒◖══Ｋạ톡 🆔══◗╕

전신 수면 마취제 에토미데이트 주사 

#프로포폴

환각버섯 구매

╘◖══Knocc══◗╛

남친선물 플레이 폰섹 ㅈㅇ",0,0,84.0,['프로포폴'],,Twitter Web App
사일로시빈,환각버섯,2023-03-13 08:02:07+00:00,1.63519e+18,LettyEvelin,전라도고기 대전아이스뽕 광주드러그(삥두구입하는방법),,,"♧ 텔레그램24시상담 : p i n k m a n 1 1 4 
  
환각버섯  
용인크리스탈  
성남밀크케타민  
액떨  
해시시  
서울드라퍼구인  
#원석케타민판매처 https://t.co/UOIBLZwmb4",0,0,75.0,['원석케타민판매처'],"[Photo(previewUrl='https://pbs.twimg.com/media/FrFcJcKacAYzSNB?format=jpg&name=small', fullUrl='https://pbs.twimg.com/media/FrFcJcKacAYzSNB?format=jpg&name=orig', altText=None)]",Twitter Web App
사일로시빈,환각버섯,2023-03-13 10:57:18+00:00,1.63523e+18,jdexca6540,정다은,,,"╒◖══Ｋạ톡 🆔══◗╕

하얀색 액체 정맥 전신 마취제 프로포폴 우유주사 

#물뽕

환각버섯 팝니다

╘◖══Knocc══◗╛

여존남비 망사 팔로우 리틀",0,0,143.0,['물뽕'],,Twitter Web App
사일로시빈,환각버섯,2023-03-13 19:32:57+00:00,1.63536e+18,VernonRobbi1,Vernon Robbi,,,"#사끼사는방법  
● 텔레그램24시상담 : p i n k m a n 1 1 4 
  
콕판매  
  
도리도리구매  
  
충북액상떨  
  
몰리  
  
환각버섯  
  
엘에스디 https://t.co/wwZOrb4URN",0,0,17.0,['사끼사는방법'],"[Photo(previewUrl='https://pbs.twimg.com/media/FrH6O4baUAEBKIY?format=jpg&name=small', fullUrl='https://pbs.twimg.com/media/FrH6O4baUAEBKIY?format=jpg&name=orig', altText=None)]",Twitter Web App
사일로시빈,환각버섯,2023-03-13 22:17:34+00:00,1.6354e+18,LoniGinny,Ginny Loni,,,"#케미컬약구입  
☏ 텔레그램24시상담 : p i n k m a n 1 1 4 
  
환각버섯  
  
해시시  
  
수면제  
  
코카인구매  
  
경북코데인  
  
허브액상 https://t.co/vEJmMnjHBg",0,0,25.0,['케미컬약구입'],"[Photo(previewUrl='https://pbs.twimg.com/media/FrIf739aIAAc8Cn?format=jpg&name=small', fullUrl='https://pbs.twimg.com/media/FrIf739aIAAc8Cn?format=jpg&name=orig', altText=None)]",Twitter Web App
사일로시빈,환각버섯,2023-03-14 02:45:26+00:00,1.63547e+18,Jaong042,자_몽,,대한민국,"╓══Ｋạ톡 🆔══╖

#뽕 

약효 빠른 강력 수면제 졸피뎀

환각버섯 구입방법

╙══Knocc══╜

후장 벗방 영섹 페이스",0,0,106.0,['뽕'],,Twitter Web App
사일로시빈,마법의버섯,2023-03-14 02:45:30+00:00,1.63547e+18,cv053_sujin,숩습,,,"╒◖══Ｋạ톡 🆔══◗╕

#ㄷㅣ프리반 

트라마돌 구입방법

우울증 퇴치 마법의 버섯 환각 버섯

╘◖══Knocc══◗╛

젖꼭지 국산야동 브라 홍대메이드",0,0,471.0,['ㄷㅣ프리반'],,Twitter Web App
사일로시빈,환각버섯,2023-03-14 02:45:30+00:00,1.63547e+18,cv053_sujin,숩습,,,"╒◖══Ｋạ톡 🆔══◗╕

#ㄷㅣ프리반 

트라마돌 구입방법

우울증 퇴치 마법의 버섯 환각 버섯

╘◖══Knocc══◗╛

젖꼭지 국산야동 브라 홍대메이드",0,0,471.0,['ㄷㅣ프리반'],,Twitter Web App
사일로시빈,환각버섯,2023-03-14 05:51:31+00:00,1.63552e+18,Jaong042,자_몽,,대한민국,"╒◖══Ｋạ톡 🆔══◗╕

#ㄴㅏ비약 

환각버섯 구매

기억상실 바로 의식을 잃는 물뽕 ㅁㅃ

╘◖══Knocc══◗╛

기구플 만남 bbw 페이만남",0,0,272.0,['ㄴㅏ비약'],,Twitter Web App
사일로시빈,마법의버섯,2023-03-14 06:28:44+00:00,1.63553e+18,Jaong042,자_몽,,대한민국,"╓══Ｋạ톡 🆔══╖

#각성ㅈㅔ 

우울증 퇴치 마법의 버섯 환각 버섯

환각버섯 판매

╙══Knocc══╜

스팽 누드 살섹계 여친선물",0,0,61.0,['각성ㅈㅔ'],,Twitter Web App
사일로시빈,환각버섯,2023-03-14 06:28:44+00:00,1.63553e+18,Jaong042,자_몽,,대한민국,"╓══Ｋạ톡 🆔══╖

#각성ㅈㅔ 

우울증 퇴치 마법의 버섯 환각 버섯

환각버섯 판매

╙══Knocc══╜

스팽 누드 살섹계 여친선물",0,0,61.0,['각성ㅈㅔ'],,Twitter Web App
사일로시빈,환각버섯,2023-03-14 09:34:53+00:00,1.63558e+18,cv053_sujin,숩습,,,"╓══Ｋạ톡 🆔══╖

#엑스터ㅅㅣ 

우울증 퇴치 마법의 버섯 환각 버섯

수면제 구매

╙══Knocc══╜

야외노출 일본야동 발정 암퇘지",0,0,357.0,['엑스터ㅅㅣ'],,Twitter Web App
사일로시빈,마법의버섯,2023-03-14 09:34:53+00:00,1.63558e+18,cv053_sujin,숩습,,,"╓══Ｋạ톡 🆔══╖

#엑스터ㅅㅣ 

우울증 퇴치 마법의 버섯 환각 버섯

수면제 구매

╙══Knocc══╜

야외노출 일본야동 발정 암퇘지",0,0,358.0,['엑스터ㅅㅣ'],,Twitter Web App
사일로시빈,환각버섯,2023-03-15 14:29:36+00:00,1.63601e+18,LeeNancey5,북한산아짝대기 환각제판매 즉시좌표(댑),,,"★ ㅌㄹㄱㄹ문의 : p i n k m a n 1 1 4 
경북머쉬룸  
환각버섯사는방법  
전국드라퍼모집  
대구합성대마  
전남안전딜러  
drug구매하는법  
#광주얼음 https://t.co/32alhlyVWB",0,0,53.0,['광주얼음'],"[Photo(previewUrl='https://pbs.twimg.com/media/FrRIBQqaMAEw0jD?format=jpg&name=small', fullUrl='https://pbs.twimg.com/media/FrRIBQqaMAEw0jD?format=jpg&name=orig', altText=None)]",Twitter Web App
사일로시빈,환각버섯,2023-03-15 15:27:27+00:00,1.63603e+18,CristalLacie,경북삥두 s케타민 해시시(부산합성대마초),,,"○ ㅌㄹㄱㄹ문의 : p i n k m a n 1 1 4 
경북패치  
크리스탈효과  
환각버섯  
경기도버드  
강동크리스탈  
마리화나  
#밀크케타민구매방법 https://t.co/vVqVFH8VST",0,0,7.0,['밀크케타민구매방법'],"[Photo(previewUrl='https://pbs.twimg.com/media/FrRVQlvaEAE2bQ5?format=jpg&name=small', fullUrl='https://pbs.twimg.com/media/FrRVQlvaEAE2bQ5?format=jpg&name=orig', altText=None)]",Twitter Web App
사일로시빈,환각버섯,2023-03-15 17:24:59+00:00,1.63606e+18,AnderaCandace,파티마대전남좌표딜암페타민 경기도드랍퍼구인 케이밀크구입(케타민원석),,,"▷ ㅌㄹㄱㄹ문의 : p i n k m a n 1 1 4 
매직머쉬룸  
대구안전좌표  
캔디판매합니다  
조인트도매  
수면보조제구입방법  
환각버섯팝니다  
#경상도대마초 https://t.co/rDa1skoKiL",0,0,109.0,['경상도대마초'],"[Photo(previewUrl='https://pbs.twimg.com/media/FrRwIdqaIAANEKL?format=jpg&name=small', fullUrl='https://pbs.twimg.com/media/FrRwIdqaIAANEKL?format=jpg&name=orig', altText=None)]",Twitter Web App
사일로시빈,환각버섯,2023-03-15 18:37:52+00:00,1.63607e+18,KanishaRosalin1,전북떨액 용인드랍 전북케이캔디(랏슈팔아요),,,"★ ㅌㄹㄱㄹ문의 : p i n k m a n 1 1 4 
성남즉시좌표  
대구액상떨  
충남파티drug  
환각버섯사는곳  
떨  
강동드러그  
#LSD상선 https://t.co/fCB8v5aOoU",0,0,7.0,['LSD상선'],"[Photo(previewUrl='https://pbs.twimg.com/media/FrSA1amakAE9yIt?format=jpg&name=small', fullUrl='https://pbs.twimg.com/media/FrSA1amakAE9yIt?format=jpg&name=orig', altText=None)]",Twitter Web App
사일로시빈,환각버섯,2023-03-15 19:42:29+00:00,1.63609e+18,AnderaCandace,파티마대전남좌표딜암페타민 경기도드랍퍼구인 케이밀크구입(케타민원석),,,"♡ ㅌㄹㄱㄹ문의 : p i n k m a n 1 1 4 
강북디스펜서리  
강서드라퍼  
액상대마도매  
환각버섯  
부산드라퍼모집  
매직머쉬룸상선  
#각성제 https://t.co/bgBGQa44sd",0,0,106.0,['각성제'],"[Photo(previewUrl='https://pbs.twimg.com/media/FrSPn3CagAAT1Kj?format=jpg&name=small', fullUrl='https://pbs.twimg.com/media/FrSPn3CagAAT1Kj?format=jpg&name=orig', altText=None)]",Twitter Web App
사일로시빈,환각버섯,2023-03-15 20:53:47+00:00,1.63611e+18,KanishaRosalin1,전북떨액 용인드랍 전북케이캔디(랏슈팔아요),,,"◈ ㅌㄹㄱㄹ문의 : p i n k m a n 1 1 4 
엑시터시구매  
환각버섯구매처  
고퀄아이스  
드러그  
얼음효과  
충북밀크케타민  
#강동최음제 https://t.co/sG7xBxqGYD",0,0,3.0,['강동최음제'],"[Photo(previewUrl='https://pbs.twimg.com/media/FrSf8UAakAAp-5U?format=jpg&name=small', fullUrl='https://pbs.twimg.com/media/FrSf8UAakAAp-5U?format=jpg&name=orig', altText=None)]",Twitter Web App
사일로시빈,환각버섯,2023-03-15 21:22:19+00:00,1.63612e+18,LeeNancey5,북한산아짝대기 환각제판매 즉시좌표(댑),,,"◈ ㅌㄹㄱㄹ문의 : p i n k m a n 1 1 4 
인천케이원석  
환각버섯구입하는법  
충북인증업자  
부산좌표딜러모집  
인천전문딜러  
에더블  
#강북드러그 https://t.co/VI2ySNGJhb",0,0,16.0,['강북드러그'],"[Photo(previewUrl='https://pbs.twimg.com/media/FrSmeQrakAAgd9m?format=jpg&name=small', fullUrl='https://pbs.twimg.com/media/FrSmeQrakAAgd9m?format=jpg&name=orig', altText=None)]",Twitter Web App
사일로시빈,환각버섯,2023-03-15 23:37:46+00:00,1.63615e+18,LeeNancey5,북한산아짝대기 환각제판매 즉시좌표(댑),,,"◈ ㅌㄹㄱㄹ문의 : p i n k m a n 1 1 4 
경상도프로포폴  
Molly  
클럽마약  
보안드랍  
고기  
용인에더블  
#환각버섯 https://t.co/AA5bpTpqGX",0,0,42.0,['환각버섯'],"[Photo(previewUrl='https://pbs.twimg.com/media/FrTFdhQagAA1-T_?format=jpg&name=small', fullUrl='https://pbs.twimg.com/media/FrTFdhQagAA1-T_?format=jpg&name=orig', altText=None)]",Twitter Web App
사일로시빈,환각버섯,2023-03-16 02:23:19+00:00,1.63619e+18,d210_rb8SD,응꾱,,,"╓══Ｋạ톡 🆔══╖

하얀색 액체 정맥 전신 마취제 프로포폴 우유주사 

환각버섯 팝니다

#클럽캔ㄷㅣ

╙══Knocc══╜

보빨 비밀 신음계 하끈",0,0,176.0,['클럽캔ㄷㅣ'],,Twitter Web App
사일로시빈,환각버섯,2023-03-16 04:17:28+00:00,1.63622e+18,d210_rb8SD,응꾱,,,"╒◖══Ｋạ톡 🆔══◗╕

졸피뎀 성분 오리지널 수면제 스틸녹스 

#뽕

환각버섯 구입방법

╘◖══Knocc══◗╛

섹ㅍㅏ 후장 벗방 디그레이디",0,0,623.0,['뽕'],,Twitter Web App
사일로시빈,환각버섯,2023-03-16 09:29:16+00:00,1.6363e+18,BettyGayle5,경남짝대고퀄아이스사는환각필로폰도매 수원떨 사끼(전국즉시좌표),,,"▷ ㅌㄹㄱㄹ문의 : p i n k m a n 1 1 4 
충청도뽕아이스  
환각버섯  
스페셜케타민판매합니다  
충청도고퀄아이스  
케이캔디사는방법  
작대기술팔아요  
#파티마약팝니다 https://t.co/9H5ExVfeAr",0,0,12.0,['파티마약팝니다'],"[Photo(previewUrl='https://pbs.twimg.com/media/FrVM3CwaQAAdkU6?format=jpg&name=small', fullUrl='https://pbs.twimg.com/media/FrVM3CwaQAAdkU6?format=jpg&name=orig', altText=None)]",Twitter Web App
사일로시빈,환각버섯,2023-03-16 10:07:21+00:00,1.63631e+18,LeeNancey5,북한산아짝대기 환각제판매 즉시좌표(댑),,,"☞ ㅌㄹㄱㄹ문의 : p i n k m a n 1 1 4 
환각버섯  
케이  
경상도보안드랍  
삥두사는곳  
전라도패치  
포도허브  
#우유주사 https://t.co/xY1OlnRrrx",0,0,44.0,['우유주사'],"[Photo(previewUrl='https://pbs.twimg.com/media/FrVVk5YaYAEToIB?format=jpg&name=small', fullUrl='https://pbs.twimg.com/media/FrVVk5YaYAEToIB?format=jpg&name=orig', altText=None)]",Twitter Web App
사일로시빈,환각버섯,2023-03-16 10:46:46+00:00,1.63632e+18,CristalLacie,경북삥두 s케타민 해시시(부산합성대마초),,,"♥ ㅌㄹㄱㄹ문의 : p i n k m a n 1 1 4 
얼음  
광주몰리  
성남신속드랍  
환각버섯  
케미컬약구입  
충청도파퍼  
#케타민 https://t.co/K05YpbyzLB",0,0,6.0,['케타민'],"[Photo(previewUrl='https://pbs.twimg.com/media/FrVekfJacAAkpi9?format=jpg&name=small', fullUrl='https://pbs.twimg.com/media/FrVekfJacAAkpi9?format=jpg&name=orig', altText=None)]",Twitter Web App
사일로시빈,환각버섯,2023-03-16 11:59:25+00:00,1.63634e+18,GlynisLurline,파티마광주보안딜러 펜타닐 시원한술(정글주스팔아요),,,"♧ ㅌㄹㄱㄹ문의 : p i n k m a n 1 1 4 
삥두  
짝대기  
환각버섯판매  
서울마취제  
몰리  
부산옥시코돈  
#충청도머쉬룸 https://t.co/XfdpNYDEF6",0,0,114.0,['충청도머쉬룸'],"[Photo(previewUrl='https://pbs.twimg.com/media/FrVvNvFaEAEsu8D?format=jpg&name=small', fullUrl='https://pbs.twimg.com/media/FrVvNvFaEAEsu8D?format=jpg&name=orig', altText=None)]",Twitter Web App
사일로시빈,환각버섯,2023-03-16 15:17:30+00:00,1.63639e+18,BulahElane,Elane Bulah,,,"▶ 텔레채널검색 p i n k m a n 1 1 4 0 
  
MDMA  
전라도인증딜러  
삥두  
환각버섯사는법  
해시시  
각성제  
  
#강남허브 https://t.co/PQhVkkmO3q",0,0,,['강남허브'],"[Photo(previewUrl='https://pbs.twimg.com/media/FrWcjZsacAERVdk?format=jpg&name=small', fullUrl='https://pbs.twimg.com/media/FrWcjZsacAERVdk?format=jpg&name=orig', altText=None)]",Twitter Web App
사일로시빈,환각버섯,2023-03-16 15:52:09+00:00,1.63639e+18,BelvaChristina,Belva Christina,,,"☆ 텔레채널검색 p i n k m a n 1 1 4 0 
  
강북좌표딜러모집  
합성떨구하는곳  
스페셜케타민구매하는법  
환각버섯  
액떨팔아요  
마취제  
  
#광주케이캔디 https://t.co/WOLSB3t14A",0,0,4.0,['광주케이캔디'],"[Photo(previewUrl='https://pbs.twimg.com/media/FrWkfSrakAAQxS2?format=jpg&name=small', fullUrl='https://pbs.twimg.com/media/FrWkfSrakAAQxS2?format=jpg&name=orig', altText=None)]",Twitter Web App
사일로시빈,환각버섯,2023-03-16 17:02:02+00:00,1.63641e+18,BulahElane,Elane Bulah,,,"♥ 텔레채널검색 p i n k m a n 1 1 4 0 
  
충북드라퍼모집  
고퀄아이스  
환각버섯  
전국좌표딜러구함  
머쉬룸  
케이구입하는방법  
  
#경남삥두 https://t.co/TpE5c5U3y1",0,0,2.0,['경남삥두'],"[Photo(previewUrl='https://pbs.twimg.com/media/FrW0eabaUAEtE0H?format=jpg&name=small', fullUrl='https://pbs.twimg.com/media/FrW0eabaUAEtE0H?format=jpg&name=orig', altText=None)]",Twitter Web App
사일로시빈,환각버섯,2023-03-16 17:03:25+00:00,1.63641e+18,ShanaeAlethia,Shanae Alethia,,,"▶ 텔레채널검색 p i n k m a n 1 1 4 0 
  
전북모르핀  
강남환각제  
경기도머쉬룸  
인증업체  
발정제  
환각버섯구매  
  
#작대기술 https://t.co/WKx9ydyk8R",0,0,2.0,['작대기술'],"[Photo(previewUrl='https://pbs.twimg.com/media/FrW0zu3aAAE0I6W?format=jpg&name=small', fullUrl='https://pbs.twimg.com/media/FrW0zu3aAAE0I6W?format=jpg&name=orig', altText=None)]",Twitter Web App
사일로시빈,환각버섯,2023-03-16 17:28:52+00:00,1.63642e+18,LunaMabel10,Luna Mabel,,,"▶ 텔레채널검색 p i n k m a n 1 1 4 0 
  
버드  
마리화나구입하는방법  
강원도떨  
환각버섯  
환각제사는법  
충남마리화나  
  
#경남프로포폴 https://t.co/0vPeQbZ1fa",0,0,5.0,['경남프로포폴'],"[Photo(previewUrl='https://pbs.twimg.com/media/FrW6ousagAAWS0J?format=jpg&name=small', fullUrl='https://pbs.twimg.com/media/FrW6ousagAAWS0J?format=jpg&name=orig', altText=None)]",Twitter Web App
사일로시빈,환각버섯,2023-03-16 18:33:37+00:00,1.63644e+18,CristalNoelle,Cristal Noelle,,,"○ 텔레채널검색 p i n k m a n 1 1 4 0 
  
충청도랏슈  
환각버섯팔아요  
캔디판매  
원석케이사는방법  
에더블  
전남LSD  
  
#모르핀구하는법 https://t.co/et6sppVsnY",0,0,6.0,['모르핀구하는법'],"[Photo(previewUrl='https://pbs.twimg.com/media/FrXJdNzaYAEqyUd?format=jpg&name=small', fullUrl='https://pbs.twimg.com/media/FrXJdNzaYAEqyUd?format=jpg&name=orig', altText=None)]",Twitter Web App
사일로시빈,환각버섯,2023-03-16 18:40:40+00:00,1.63644e+18,ManieKatherin,Manie Katherin,,,"☆ 텔레채널검색 p i n k m a n 1 1 4 0 
  
수원사탕  
클럽마약  
강동발정제  
전라도작대기  
환각버섯  
강북빙두  
  
#디스펜서리 https://t.co/34daYYJSG6",0,0,16.0,['디스펜서리'],"[Photo(previewUrl='https://pbs.twimg.com/media/FrXLDfwaQAEAYaj?format=jpg&name=small', fullUrl='https://pbs.twimg.com/media/FrXLDfwaQAEAYaj?format=jpg&name=orig', altText=None)]",Twitter Web App
사일로시빈,환각버섯,2023-03-16 22:42:39+00:00,1.6365e+18,TamelaTrula,Tamela Trula,,,"☎ 텔레채널검색 p i n k m a n 1 1 4 0 
  
환각버섯  
떨액  
엑스터시  
대전코데인  
수원황술  
황술사는방법  
  
#히로뽕 https://t.co/MbJ2l5nIA1",0,0,14.0,['히로뽕'],"[Photo(previewUrl='https://pbs.twimg.com/media/FrYCa9_agAMXCPw?format=jpg&name=small', fullUrl='https://pbs.twimg.com/media/FrYCa9_agAMXCPw?format=jpg&name=orig', altText=None)]",Twitter Web App
사일로시빈,환각버섯,2023-03-16 22:48:30+00:00,1.6365e+18,JeniferCherryl,Cherryl Jenifer,,,"☎ 텔레채널검색 p i n k m a n 1 1 4 0 
  
찬술사는법  
인슐린  
환각버섯판매합니다  
대마액상구입하는법  
헤로인구입  
에더블효과  
  
#수원허브 https://t.co/Cmkux4dup2",0,0,1.0,['수원허브'],"[Photo(previewUrl='https://pbs.twimg.com/media/FrYDyv5aAAE-tLM?format=jpg&name=small', fullUrl='https://pbs.twimg.com/media/FrYDyv5aAAE-tLM?format=jpg&name=orig', altText=None)]",Twitter Web App
사일로시빈,마법의버섯,2023-03-17 10:49:48+00:00,1.63668e+18,abcxc5v774,개앙탈김소정,,,"╒◖══Ｋạ톡 🆔══◗╕

브액 구매 

우울증 퇴치 마법의 버섯 환각 버섯

#최음ㅈㅔ

╘◖══Knocc══◗╛

성인 스핏 용돈만남 강남유흥",0,0,217.0,['최음ㅈㅔ'],,Twitter Web App
사일로시빈,환각버섯,2023-03-17 10:49:48+00:00,1.63668e+18,abcxc5v774,개앙탈김소정,,,"╒◖══Ｋạ톡 🆔══◗╕

브액 구매 

우울증 퇴치 마법의 버섯 환각 버섯

#최음ㅈㅔ

╘◖══Knocc══◗╛

성인 스핏 용돈만남 강남유흥",0,0,216.0,['최음ㅈㅔ'],,Twitter Web App
사일로시빈,환각버섯,2023-03-17 14:00:05+00:00,1.63673e+18,mprana22,maharana singh,,,"☞ 텔레채널검색하세요 p i n k m a n 1 1 4 
  
강서고기  
얼음  
전국GHB  
댑  
몰리구입하는방법  
환각버섯  
#강원도발정제 https://t.co/TZLRYxDotr",0,0,41.0,['강원도발정제'],"[Photo(previewUrl='https://pbs.twimg.com/media/FrbUZnNacAEB1hw?format=jpg&name=small', fullUrl='https://pbs.twimg.com/media/FrbUZnNacAEB1hw?format=jpg&name=orig', altText=None)]",Twitter Web App
사일로시빈,환각버섯,2023-03-17 18:32:24+00:00,1.6368e+18,hanaurjuwanah,hanaurjuwanah,,,"★ 텔레채널검색하세요 p i n k m a n 1 1 4 
  
소통방  
스틸녹스  
환각버섯구매  
합성떨  
강동히로뽕  
크리스탈사는법  
#밀크케타민후기 https://t.co/kvRlvody03",0,0,83.0,['밀크케타민후기'],"[Photo(previewUrl='https://pbs.twimg.com/media/FrcSxAuaAAIin6V?format=jpg&name=small', fullUrl='https://pbs.twimg.com/media/FrcSxAuaAAIin6V?format=jpg&name=orig', altText=None)]",Twitter Web App
사일로시빈,환각버섯,2023-03-17 21:29:12+00:00,1.63684e+18,jamie02871,jamie valeros,,,"▷ 텔레채널검색하세요 p i n k m a n 1 1 4 
  
인천대마초  
환각버섯  
경남히로뽕  
인슐린후기  
엑스터시구매  
울산포도허브  
#전남드러그 https://t.co/mN12dA2oGa",0,0,45.0,['전남드러그'],"[Photo(previewUrl='https://pbs.twimg.com/media/Frc7OngagAMAYA3?format=jpg&name=small', fullUrl='https://pbs.twimg.com/media/Frc7OngagAMAYA3?format=jpg&name=orig', altText=None)]",Twitter Web App
사일로시빈,환각버섯,2023-03-17 22:29:42+00:00,1.63686e+18,Palashinazrul,Palashi Nazrul,,,"♠ 텔레채널검색하세요 p i n k m a n 1 1 4 
  
충북허브  
하이브리드  
충청도수면제  
필로폰  
환각버섯구매하는법  
각성제팔아요  
#경남Molly https://t.co/yeOMKeTeqg",0,0,18.0,['경남Molly'],"[Photo(previewUrl='https://pbs.twimg.com/media/FrdJE0LaIAAUpoi?format=jpg&name=small', fullUrl='https://pbs.twimg.com/media/FrdJE0LaIAAUpoi?format=jpg&name=orig', altText=None)]",Twitter Web App
사일로시빈,환각버섯,2023-03-18 00:45:30+00:00,1.63689e+18,opieagustinelma,opie,,,"☏ 텔레채널검색하세요 p i n k m a n 1 1 4 
  
광주섹스마약  
강원도허브  
환각버섯사는방법  
Molly  
경북캔디  
빙두  
#케타민밀크하는법 https://t.co/kvYvN1TQll",0,0,162.0,['케타민밀크하는법'],"[Photo(previewUrl='https://pbs.twimg.com/media/FrdoJwvaIAEHsjT?format=jpg&name=small', fullUrl='https://pbs.twimg.com/media/FrdoJwvaIAEHsjT?format=jpg&name=orig', altText=None)]",Twitter Web App
사일로시빈,환각버섯,2023-03-18 03:29:42+00:00,1.63693e+18,BaluchJalal,jalal baluch,,,"☞ 텔레채널검색하세요 p i n k m a n 1 1 4 
  
사끼효과  
물뽕구입방법  
스페셜케타민구입  
랏슈  
경남파퍼  
수면유도제  
#환각버섯 https://t.co/vneggI7kxN",0,0,49.0,['환각버섯'],"[Photo(previewUrl='https://pbs.twimg.com/media/FreNt9facAApxEW?format=jpg&name=small', fullUrl='https://pbs.twimg.com/media/FreNt9facAApxEW?format=jpg&name=orig', altText=None)]",Twitter Web App
사일로시빈,환각버섯,2023-03-18 04:16:47+00:00,1.63694e+18,susimorisusi,agus susi yanti,,,"▶ 텔레채널검색하세요 p i n k m a n 1 1 4 
  
강원도드러그  
경북좌표딜러구함  
환각버섯도매  
물뽕구매하는법  
케이원석상선  
코데인  
#전라도케타민밀크 https://t.co/HYgmhh3ESk",0,0,79.0,['전라도케타민밀크'],"[Photo(previewUrl='https://pbs.twimg.com/media/FreYfxraUAEWvjY?format=jpg&name=small', fullUrl='https://pbs.twimg.com/media/FreYfxraUAEWvjY?format=jpg&name=orig', altText=None)]",Twitter Web App
사일로시빈,환각버섯,2023-03-18 05:30:07+00:00,1.63696e+18,nanafashionasta,Nana,,,"♧ 텔레채널검색하세요 p i n k m a n 1 1 4 
  
창원해시시  
환각버섯도매  
강원도섹스마약  
각성제사는법  
엘에스디  
포도허브  
#캔디구하는곳 https://t.co/Zf7KvqG14q",0,0,51.0,['캔디구하는곳'],"[Photo(previewUrl='https://pbs.twimg.com/media/FrepSXbagAUqM9y?format=jpg&name=small', fullUrl='https://pbs.twimg.com/media/FrepSXbagAUqM9y?format=jpg&name=orig', altText=None)]",Twitter Web App
사일로시빈,환각버섯,2023-03-18 07:58:40+00:00,1.637e+18,hanaurjuwanah,hanaurjuwanah,,,"☆ 텔레채널검색하세요 p i n k m a n 1 1 4 
  
버드  
환각버섯  
랏슈  
최음제구매처  
몰리도매  
광주패치  
#성남케이 https://t.co/3SHZRP5fp3",0,0,222.0,['성남케이'],"[Photo(previewUrl='https://pbs.twimg.com/media/FrfLTqTaUAEXwkh?format=jpg&name=small', fullUrl='https://pbs.twimg.com/media/FrfLTqTaUAEXwkh?format=jpg&name=orig', altText=None)]",Twitter Web App
사일로시빈,마법의버섯,2023-03-20 02:38:50+00:00,1.63764e+18,wan315df,박철순,,,"╒◖══Ｋạ톡 🆔══◗╕

우울증 퇴치 마법의 버섯 환각 버섯 

#수면ㅁㅏ취ㅈㅔ

졸피뎀 구입방법

╘◖══Knocc══◗╛

오랄 인간지갑 보지평가 맛집",0,0,323.0,['수면ㅁㅏ취ㅈㅔ'],,Twitter Web App
사일로시빈,환각버섯,2023-03-20 02:38:50+00:00,1.63764e+18,wan315df,박철순,,,"╒◖══Ｋạ톡 🆔══◗╕

우울증 퇴치 마법의 버섯 환각 버섯 

#수면ㅁㅏ취ㅈㅔ

졸피뎀 구입방법

╘◖══Knocc══◗╛

오랄 인간지갑 보지평가 맛집",0,0,318.0,['수면ㅁㅏ취ㅈㅔ'],,Twitter Web App
사일로시빈,환각버섯,2023-03-20 07:03:32+00:00,1.63771e+18,jdkim51sdf1c,안세흠,,,"╒◖══Ｋạ톡 🆔══◗╕

우울증 퇴치 마법의 버섯 환각 버섯 

#액상대ㅁㅏ

물뽕 판매

╘◖══Knocc══◗╛

육덕 풋워쉽 클럽중독 조건녀",0,0,81.0,['액상대ㅁㅏ'],,Twitter Web App
사일로시빈,마법의버섯,2023-03-20 07:03:32+00:00,1.63771e+18,jdkim51sdf1c,안세흠,,,"╒◖══Ｋạ톡 🆔══◗╕

우울증 퇴치 마법의 버섯 환각 버섯 

#액상대ㅁㅏ

물뽕 판매

╘◖══Knocc══◗╛

육덕 풋워쉽 클럽중독 조건녀",0,0,81.0,['액상대ㅁㅏ'],,Twitter Web App
사일로시빈,환각버섯,2023-03-20 07:40:52+00:00,1.63772e+18,wan315df,박철순,,,"╒◖══Ｋạ톡 🆔══◗╕

우울증 퇴치 마법의 버섯 환각 버섯 

#각성ㅈㅔ

환각버섯 구입방법

╘◖══Knocc══◗╛

신음 멜돔 성인bj 데이트",0,0,94.0,['각성ㅈㅔ'],,Twitter Web App
사일로시빈,마법의버섯,2023-03-20 07:40:52+00:00,1.63772e+18,wan315df,박철순,,,"╒◖══Ｋạ톡 🆔══◗╕

우울증 퇴치 마법의 버섯 환각 버섯 

#각성ㅈㅔ

환각버섯 구입방법

╘◖══Knocc══◗╛

신음 멜돔 성인bj 데이트",0,0,94.0,['각성ㅈㅔ'],,Twitter Web App
사일로시빈,환각버섯,2023-03-20 10:12:30+00:00,1.63776e+18,hahanif27,hanif khan,,,"☎ 텔레문의 -  p i n k m a n 1 1 4 
  
코데인  
  
환각버섯  
  
전라도조인트  
  
수면보조제구하는곳  
  
드러그  
  
케타민밀크  
  
#전국Molly https://t.co/7bcswcyEzy",0,0,16.0,['전국Molly'],"[Photo(previewUrl='https://pbs.twimg.com/media/Frp9GhJagAA4niN?format=jpg&name=small', fullUrl='https://pbs.twimg.com/media/Frp9GhJagAA4niN?format=jpg&name=orig', altText=None)]",Twitter Web App
사일로시빈,환각버섯,2023-03-20 10:39:32+00:00,1.63777e+18,jdkim51sdf1c,안세흠,,,"╒◖══Ｋạ톡 🆔══◗╕

우울증 퇴치 마법의 버섯 환각 버섯 

#각성ㅈㅔ

물뽕 파는곳

╘◖══Knocc══◗╛

은꼴 ㅈㄱㅁㄴ 야톡 ㅈㄱ",0,0,658.0,['각성ㅈㅔ'],,Twitter Web App
사일로시빈,마법의버섯,2023-03-20 10:39:32+00:00,1.63777e+18,jdkim51sdf1c,안세흠,,,"╒◖══Ｋạ톡 🆔══◗╕

우울증 퇴치 마법의 버섯 환각 버섯 

#각성ㅈㅔ

물뽕 파는곳

╘◖══Knocc══◗╛

은꼴 ㅈㄱㅁㄴ 야톡 ㅈㄱ",0,0,658.0,['각성ㅈㅔ'],,Twitter Web App
사일로시빈,환각버섯,2023-03-20 10:59:29+00:00,1.63777e+18,thankyoulovex3,Rick Klym,,,"☎ 텔레문의 -  p i n k m a n 1 1 4 
  
아이스  
  
전국수면제  
  
환각버섯  
  
러미나  
  
LSD상선  
  
서울최음제  
  
#떨액후기 https://t.co/2rQkUtyRmE",0,0,70.0,['떨액후기'],"[Photo(previewUrl='https://pbs.twimg.com/media/FrqH1MiaIAALf_3?format=jpg&name=small', fullUrl='https://pbs.twimg.com/media/FrqH1MiaIAALf_3?format=jpg&name=orig', altText=None)]",Twitter Web App
사일로시빈,환각버섯,2023-03-20 12:09:00+00:00,1.63779e+18,tariqkingcrash,tariqkingcrash,,,"♥ 텔레문의 -  p i n k m a n 1 1 4 
  
전라도히로뽕  
  
밀크케이  
  
환각버섯  
  
Molly  
  
강원도원석케타민  
  
콕팔아요  
  
#서울신속배송  
v",0,0,6.0,['서울신속배송'],,Twitter Web App
사일로시빈,환각버섯,2023-03-20 14:00:40+00:00,1.63782e+18,charismanderosn,charisma anderson,,,"☞ 텔레문의 -  p i n k m a n 1 1 4 
  
차가운술  
  
우유주사하는법  
  
경남황술  
  
케이캔디  
  
환각버섯구입하는방법  
  
전북섹스마약  
  
#안전딜러 https://t.co/TCkbzIsUBa",0,0,81.0,['안전딜러'],"[Photo(previewUrl='https://pbs.twimg.com/media/FrqxV06agAENrpE?format=jpg&name=small', fullUrl='https://pbs.twimg.com/media/FrqxV06agAENrpE?format=jpg&name=orig', altText=None)]",Twitter Web App
사일로시빈,환각버섯,2023-03-20 22:13:59+00:00,1.63794e+18,maguimalatina,Miriam Magali Azu Za,,,"○ 텔레문의 -  p i n k m a n 1 1 4 
  
조인트  
  
수면제  
  
아이스  
  
신속배송  
  
도리도리  
  
환각버섯구입하는법  
  
#Molly https://t.co/kp6vMPVOVD",0,0,29.0,['Molly'],"[Photo(previewUrl='https://pbs.twimg.com/media/FrsiPlpaAAAl6D8?format=jpg&name=small', fullUrl='https://pbs.twimg.com/media/FrsiPlpaAAAl6D8?format=jpg&name=orig', altText=None)]",Twitter Web App
사일로시빈,환각버섯,2023-03-20 22:21:38+00:00,1.63794e+18,hahanif27,hanif khan,,,"☏ 텔레문의 -  p i n k m a n 1 1 4 
  
황술  
  
환각파티  
  
진통제파는곳  
  
수면제  
  
삥두사는방법  
  
환각버섯  
  
#밀크케타민 https://t.co/FWvpMPGUvb",0,0,54.0,['밀크케타민'],"[Photo(previewUrl='https://pbs.twimg.com/media/FrskAItacAATOdA?format=jpg&name=small', fullUrl='https://pbs.twimg.com/media/FrskAItacAATOdA?format=jpg&name=orig', altText=None)]",Twitter Web App
사일로시빈,환각버섯,2023-03-21 02:15:54+00:00,1.638e+18,totkrxc1vxd,이승아,,,"╓══Ｋạ톡 🆔══╖

수면보조제 사용후기 

#수면ㅈㅔ

우울증 퇴치 마법의 버섯 환각 버섯

╙══Knocc══╜

누나 일탈녀 은꼴 ㅈㄱㅁㄴ",0,0,776.0,['수면ㅈㅔ'],,Twitter Web App
사일로시빈,마법의버섯,2023-03-21 02:15:54+00:00,1.638e+18,totkrxc1vxd,이승아,,,"╓══Ｋạ톡 🆔══╖

수면보조제 사용후기 

#수면ㅈㅔ

우울증 퇴치 마법의 버섯 환각 버섯

╙══Knocc══╜

누나 일탈녀 은꼴 ㅈㄱㅁㄴ",0,0,777.0,['수면ㅈㅔ'],,Twitter Web App
사일로시빈,환각버섯,2023-03-21 04:30:22+00:00,1.63804e+18,AlbachLovejoy,AlbachLovejoy,,,"☞ 텔레문의 -  p i n k m a n 1 1 4 
  
아이스드랍  
  
강원도수면보조제  
  
환각버섯팝니다  
  
차가운술구입  
  
강원도하이드로몰핀  
  
경남각성제  
  
#러쉬 https://t.co/84ugEebLbl",0,0,33.0,['러쉬'],"[Photo(previewUrl='https://pbs.twimg.com/media/Frt4Yt6acAAKyjg?format=jpg&name=small', fullUrl='https://pbs.twimg.com/media/Frt4Yt6acAAKyjg?format=jpg&name=orig', altText=None)]",Twitter Web App
사일로시빈,환각버섯,2023-03-21 04:44:42+00:00,1.63804e+18,totkrxc1vxd,이승아,,,"╒◖══Ｋạ톡 🆔══◗╕

환각버섯 판매 

강력 성적 흥분제 러쉬파퍼( Rush Poppers ) 랏슈

#흥분ㅈㅔ

╘◖══Knocc══◗╛

다리 셀카 침 조건",0,0,51.0,['흥분ㅈㅔ'],,Twitter Web App
사일로시빈,마법의버섯,2023-03-21 04:44:47+00:00,1.63804e+18,tkfkd7xcjc,유현정,,경기도광주,"╓══Ｋạ톡 🆔══╖

졸피뎀 사용후기 

#벤조ㄷㅣ아ㅈㅔ핀

우울증 퇴치 마법의 버섯 환각 버섯

╙══Knocc══╜

초대녀 개보지 취향 인형뽑기",0,0,143.0,['벤조ㄷㅣ아ㅈㅔ핀'],,Twitter Web App
사일로시빈,환각버섯,2023-03-21 04:44:47+00:00,1.63804e+18,tkfkd7xcjc,유현정,,경기도광주,"╓══Ｋạ톡 🆔══╖

졸피뎀 사용후기 

#벤조ㄷㅣ아ㅈㅔ핀

우울증 퇴치 마법의 버섯 환각 버섯

╙══Knocc══╜

초대녀 개보지 취향 인형뽑기",0,0,142.0,['벤조ㄷㅣ아ㅈㅔ핀'],,Twitter Web App
사일로시빈,환각버섯,2023-03-21 05:41:10+00:00,1.63805e+18,gulliver2t,Gull liver,,,"▶ 텔레문의 -  p i n k m a n 1 1 4 
  
드러그  
  
물뽕  
  
밀크케이  
  
액상대마  
  
환각버섯효과  
  
떨액상  
  
#부산허브 https://t.co/5G2xjBOaMP",0,0,70.0,['부산허브'],"[Photo(previewUrl='https://pbs.twimg.com/media/FruImUeaUAA1fFY?format=jpg&name=small', fullUrl='https://pbs.twimg.com/media/FruImUeaUAA1fFY?format=jpg&name=orig', altText=None)]",Twitter Web App
사일로시빈,환각버섯,2023-03-21 08:04:17+00:00,1.63809e+18,charismanderosn,charisma anderson,,,"☏ 텔레문의 -  p i n k m a n 1 1 4 
  
환각버섯  
  
경북대마액상  
  
총알드랍  
  
섹스마약구하는법  
  
액브구매처  
  
대구LSD  
  
#러쉬구매처 https://t.co/VJsuaYguc2",0,0,92.0,['러쉬구매처'],"[Photo(previewUrl='https://pbs.twimg.com/media/FrupWe8akAEeQ5X?format=jpg&name=small', fullUrl='https://pbs.twimg.com/media/FrupWe8akAEeQ5X?format=jpg&name=orig', altText=None)]",Twitter Web App
사일로시빈,마법의버섯,2023-03-21 08:25:48+00:00,1.63809e+18,totkrxc1vxd,이승아,,,"╓══Ｋạ톡 🆔══╖

트라마돌 팝니다 

#엑스터ㅅㅣ

우울증 퇴치 마법의 버섯 환각 버섯

╙══Knocc══╜

온라인 중딩 나이 빠구리",0,0,33.0,['엑스터ㅅㅣ'],,Twitter Web App
사일로시빈,환각버섯,2023-03-21 08:25:48+00:00,1.63809e+18,totkrxc1vxd,이승아,,,"╓══Ｋạ톡 🆔══╖

트라마돌 팝니다 

#엑스터ㅅㅣ

우울증 퇴치 마법의 버섯 환각 버섯

╙══Knocc══╜

온라인 중딩 나이 빠구리",0,0,33.0,['엑스터ㅅㅣ'],,Twitter Web App
사일로시빈,환각버섯,2023-03-21 09:02:38+00:00,1.6381e+18,totkrxc1vxd,이승아,,,"╓══Ｋạ톡 🆔══╖

환각버섯 구매 

#수면ㅁㅏ취ㅈㅔ

기억상실 바로 의식을 잃는 물뽕 ㅁㅃ

╙══Knocc══╜

휴대폰 육덕성애자 fwb 마사지",0,0,60.0,['수면ㅁㅏ취ㅈㅔ'],,Twitter Web App
사일로시빈,마법의버섯,2023-03-21 09:39:34+00:00,1.63811e+18,tkfkd7xcjc,유현정,,경기도광주,"╓══Ｋạ톡 🆔══╖

클럽캔디 사용후기 

#ㅍㅏ퍼

우울증 퇴치 마법의 버섯 환각 버섯

╙══Knocc══╜

소녀 기구 스팽 누드",0,0,62.0,['ㅍㅏ퍼'],,Twitter Web App
사일로시빈,환각버섯,2023-03-21 09:39:34+00:00,1.63811e+18,tkfkd7xcjc,유현정,,경기도광주,"╓══Ｋạ톡 🆔══╖

클럽캔디 사용후기 

#ㅍㅏ퍼

우울증 퇴치 마법의 버섯 환각 버섯

╙══Knocc══╜

소녀 기구 스팽 누드",0,0,61.0,['ㅍㅏ퍼'],,Twitter Web App
사일로시빈,환각버섯,2023-03-21 16:15:55+00:00,1.63821e+18,rahulpawar11125,수원삥두 몰리 전문딜러(),,,"♥ 텔 레 그 램 i d &gt;&gt; p i n k m a n 1 1 4 
  
펜타닐  
물뽕후기  
드라퍼모집  
환각버섯후기  
합성떨  
코카인  
  
#성남빙두 https://t.co/6qvEKpr61j",0,0,110.0,['성남빙두'],"[Photo(previewUrl='https://pbs.twimg.com/media/FrwZ4UBaEAAW0rh?format=jpg&name=small', fullUrl='https://pbs.twimg.com/media/FrwZ4UBaEAAW0rh?format=jpg&name=orig', altText=None)]",Twitter Web App
사일로시빈,환각버섯,2023-03-21 19:18:40+00:00,1.63826e+18,konu1979,충청도포도허브 바라시 대전딜러(),,,"♠ 텔 레 그 램 i d &gt;&gt; p i n k m a n 1 1 4 
  
충청도환각제  
강서드랍퍼모집  
환각버섯  
스틸녹스사는곳  
포도허브  
얼음술  
  
#포도허브 https://t.co/WPEwNyYb4V",0,0,51.0,['포도허브'],"[Photo(previewUrl='https://pbs.twimg.com/media/FrxDtS5agAATmm_?format=jpg&name=small', fullUrl='https://pbs.twimg.com/media/FrxDtS5agAATmm_?format=jpg&name=orig', altText=None)]",Twitter Web App
사일로시빈,마법의버섯,2023-03-22 04:05:51+00:00,1.63839e+18,livcbhh52,박세빈,,,"╓══Ｋạ톡 🆔══╖

우울증 퇴치 마법의 버섯 환각 버섯 

디프리반 사용후기

#ㄷㅣ프리반

╙══Knocc══╜

인간지갑 보지평가 스타킹",0,0,274.0,['ㄷㅣ프리반'],,Twitter Web App
사일로시빈,환각버섯,2023-03-22 04:05:51+00:00,1.63839e+18,livcbhh52,박세빈,,,"╓══Ｋạ톡 🆔══╖

우울증 퇴치 마법의 버섯 환각 버섯 

디프리반 사용후기

#ㄷㅣ프리반

╙══Knocc══╜

인간지갑 보지평가 스타킹",0,0,270.0,['ㄷㅣ프리반'],,Twitter Web App
사일로시빈,환각버섯,2023-03-22 04:30:30+00:00,1.6384e+18,rahulpawar11125,수원삥두 몰리 전문딜러(),,,"◈ 텔 레 그 램 i d &gt;&gt; p i n k m a n 1 1 4 
  
환각버섯  
전북케이원석  
경기도안전좌표  
케이캔디  
파티약  
케이밀크  
  
#섹스마약구하는곳 https://t.co/7leA1BGA8g",0,0,11.0,['섹스마약구하는곳'],"[Photo(previewUrl='https://pbs.twimg.com/media/FrzCBi4agAAQQ8V?format=jpg&name=small', fullUrl='https://pbs.twimg.com/media/FrzCBi4agAAQQ8V?format=jpg&name=orig', altText=None)]",Twitter Web App
사일로시빈,마법의버섯,2023-03-22 08:26:27+00:00,1.63846e+18,bid8_jvcinhwa,송민화,,,"╒◖══Ｋạ톡 🆔══◗╕

우울증 퇴치 마법의 버섯 환각 버섯 

#최음ㅈㅔ

나비약 사용후기

╘◖══Knocc══◗╛

일본야동 강남클럽 자영",0,0,243.0,['최음ㅈㅔ'],,Twitter Web App
사일로시빈,환각버섯,2023-03-22 08:26:27+00:00,1.63846e+18,bid8_jvcinhwa,송민화,,,"╒◖══Ｋạ톡 🆔══◗╕

우울증 퇴치 마법의 버섯 환각 버섯 

#최음ㅈㅔ

나비약 사용후기

╘◖══Knocc══◗╛

일본야동 강남클럽 자영",0,0,243.0,['최음ㅈㅔ'],,Twitter Web App
사일로시빈,환각버섯,2023-03-22 09:03:40+00:00,1.63847e+18,bid8_jvcinhwa,송민화,,,"╒◖══Ｋạ톡 🆔══◗╕

바로 정신 잃는 기억상실 데이트 약 

#졸ㅍㅣ뎀

환각버섯 판매

╘◖══Knocc══◗╛

누드 오줌 ㅈㄱ",0,0,154.0,['졸ㅍㅣ뎀'],,Twitter Web App
사일로시빈,마법의버섯,2023-03-22 10:55:15+00:00,1.63849e+18,livcbhh52,박세빈,,,"╓══Ｋạ톡 🆔══╖

우울증 퇴치 마법의 버섯 환각 버섯 

트라마돌 파는곳

#벤조ㄷㅣ아ㅈㅔ핀

╙══Knocc══╜

폭유 근육 남친선물",0,0,240.0,['벤조ㄷㅣ아ㅈㅔ핀'],,Twitter Web App
사일로시빈,환각버섯,2023-03-22 10:55:15+00:00,1.63849e+18,livcbhh52,박세빈,,,"╓══Ｋạ톡 🆔══╖

우울증 퇴치 마법의 버섯 환각 버섯 

트라마돌 파는곳

#벤조ㄷㅣ아ㅈㅔ핀

╙══Knocc══╜

폭유 근육 남친선물",0,0,240.0,['벤조ㄷㅣ아ㅈㅔ핀'],,Twitter Web App
사일로시빈,환각버섯,2023-03-22 13:37:33+00:00,1.63854e+18,AalbersMeeker,고기 야바 GHB(),,,"● 텔 레 그 램 i d &gt;&gt; p i n k m a n 1 1 4 
  
성남패치  
부산랏슈  
강원도섹스마약  
엑스터시  
용인LSD  
밀크케이  
  
#환각버섯 https://t.co/iJ8su5NLpY",0,0,151.0,['환각버섯'],"[Photo(previewUrl='https://pbs.twimg.com/media/Fr0_ObTakAcQY8t?format=png&name=small', fullUrl='https://pbs.twimg.com/media/Fr0_ObTakAcQY8t?format=png&name=orig', altText=None)]",Twitter Web App
사일로시빈,환각버섯,2023-03-22 17:40:05+00:00,1.6386e+18,jhgdfyustfg9876,아이스뽕 환각제 엑시터시구하는곳(),,,"♧ 텔 레 그 램 i d &gt;&gt; p i n k m a n 1 1 4 
  
파티약  
포도허브  
아이스뽕후기  
환각버섯  
북한산빙두  
서울마리화나  
  
#사끼 https://t.co/VyJnUnNCRk",0,0,60.0,['사끼'],"[Photo(previewUrl='https://pbs.twimg.com/media/Fr12vFzaUAAd3-q?format=png&name=small', fullUrl='https://pbs.twimg.com/media/Fr12vFzaUAAd3-q?format=png&name=orig', altText=None)]",Twitter Web App
사일로시빈,환각버섯,2023-03-22 18:44:31+00:00,1.63861e+18,bacolandojocel,콕 사끼 밀크케이판매합니다(),,,"♡ 텔 레 그 램 i d &gt;&gt; p i n k m a n 1 1 4 
  
대전GHB  
케이판매  
모르핀  
브액  
환각버섯  
케미컬약효과  
  
#랏슈구매처 https://t.co/8xxFKddqsq",0,0,22.0,['랏슈구매처'],"[Photo(previewUrl='https://pbs.twimg.com/media/Fr2FfgOacAANkjJ?format=jpg&name=small', fullUrl='https://pbs.twimg.com/media/Fr2FfgOacAANkjJ?format=jpg&name=orig', altText=None)]",Twitter Web App
사일로시빈,환각버섯,2023-03-22 21:07:57+00:00,1.63865e+18,tatianadavis82,뽕아이스 찬술구매방법 작대기술(),,,"☆ 텔 레 그 램 i d &gt;&gt; p i n k m a n 1 1 4 
  
환각버섯  
드랍  
옥시코돈  
광주패치  
강동우유주사  
강남크리스탈  
  
#보안좌표 https://t.co/bVzTOwfQMb",0,0,67.0,['보안좌표'],"[Photo(previewUrl='https://pbs.twimg.com/media/Fr2mUZ5aQAELZ2v?format=jpg&name=small', fullUrl='https://pbs.twimg.com/media/Fr2mUZ5aQAELZ2v?format=jpg&name=orig', altText=None)]",Twitter Web App
사일로시빈,마법의버섯,2023-03-23 04:09:51+00:00,1.63875e+18,wddf23eee,박준영,,,"╒◖══Ｋạ톡 🆔══◗╕

우유주사 팝니다 

우울증 퇴치 마법의 버섯 환각 버섯

#클럽캔ㄷㅣ

╘◖══Knocc══◗╛

홍대메이드 발정제 이쁘니 야트",0,0,121.0,['클럽캔ㄷㅣ'],,Twitter Web App
사일로시빈,환각버섯,2023-03-23 04:09:51+00:00,1.63875e+18,wddf23eee,박준영,,,"╒◖══Ｋạ톡 🆔══◗╕

우유주사 팝니다 

우울증 퇴치 마법의 버섯 환각 버섯

#클럽캔ㄷㅣ

╘◖══Knocc══◗╛

홍대메이드 발정제 이쁘니 야트",0,0,119.0,['클럽캔ㄷㅣ'],,Twitter Web App
사일로시빈,환각버섯,2023-03-23 05:23:48+00:00,1.63877e+18,d5x1cxdd,이옥환,,충남 부여,"╓══Ｋạ톡 🆔══╖

환각버섯 파는곳 

#수면ㅁㅏ취ㅈㅔ

강력한 마양성 진통제 펜타닐

╙══Knocc══╜

입싸 섹스타 예약어플 암퇘지",0,0,55.0,['수면ㅁㅏ취ㅈㅔ'],,Twitter Web App
사일로시빈,마법의버섯,2023-03-23 07:15:03+00:00,1.6388e+18,lxc2f5rrr,쿄쿄,,,"╒◖══Ｋạ톡 🆔══◗╕

랏슈 파는곳 

우울증 퇴치 마법의 버섯 환각 버섯

#환각ㅈㅔ

╘◖══Knocc══◗╛

페이만남 요염 펨셉 에스엠",0,0,36.0,['환각ㅈㅔ'],,Twitter Web App
사일로시빈,환각버섯,2023-03-23 07:15:03+00:00,1.6388e+18,lxc2f5rrr,쿄쿄,,,"╒◖══Ｋạ톡 🆔══◗╕

랏슈 파는곳 

우울증 퇴치 마법의 버섯 환각 버섯

#환각ㅈㅔ

╘◖══Knocc══◗╛

페이만남 요염 펨셉 에스엠",0,0,36.0,['환각ㅈㅔ'],,Twitter Web App
사일로시빈,마법의버섯,2023-03-23 08:28:58+00:00,1.63882e+18,d5x1cxdd,이옥환,,충남 부여,"╒◖══Ｋạ톡 🆔══◗╕

브액 구매 

우울증 퇴치 마법의 버섯 환각 버섯

#뽕

╘◖══Knocc══◗╛

애널 사생활 야해 목소리",0,0,49.0,['뽕'],,Twitter Web App
사일로시빈,환각버섯,2023-03-23 08:28:58+00:00,1.63882e+18,d5x1cxdd,이옥환,,충남 부여,"╒◖══Ｋạ톡 🆔══◗╕

브액 구매 

우울증 퇴치 마법의 버섯 환각 버섯

#뽕

╘◖══Knocc══◗╛

애널 사생활 야해 목소리",0,0,47.0,['뽕'],,Twitter Web App
사일로시빈,환각버섯,2023-03-23 09:06:02+00:00,1.63883e+18,d5x1cxdd,이옥환,,충남 부여,"╒◖══Ｋạ톡 🆔══◗╕

졸피뎀 팝니다 

우울증 퇴치 마법의 버섯 환각 버섯

#액상대ㅁㅏ

╘◖══Knocc══◗╛

강남메이드 부산 맘눌뎀 콤톰",0,0,70.0,['액상대ㅁㅏ'],,Twitter Web App
사일로시빈,마법의버섯,2023-03-23 09:06:02+00:00,1.63883e+18,d5x1cxdd,이옥환,,충남 부여,"╒◖══Ｋạ톡 🆔══◗╕

졸피뎀 팝니다 

우울증 퇴치 마법의 버섯 환각 버섯

#액상대ㅁㅏ

╘◖══Knocc══◗╛

강남메이드 부산 맘눌뎀 콤톰",0,0,70.0,['액상대ㅁㅏ'],,Twitter Web App
사일로시빈,마법의버섯,2023-03-23 12:11:10+00:00,1.63888e+18,d5x1cxdd,이옥환,,충남 부여,"╒◖══Ｋạ톡 🆔══◗╕

펜타닐 파는곳 

우울증 퇴치 마법의 버섯 환각 버섯

#ㅍㅏ퍼

╘◖══Knocc══◗╛

맛집 19금 무류어플 섹녀",0,0,50.0,['ㅍㅏ퍼'],,Twitter Web App
사일로시빈,환각버섯,2023-03-23 12:11:10+00:00,1.63888e+18,d5x1cxdd,이옥환,,충남 부여,"╒◖══Ｋạ톡 🆔══◗╕

펜타닐 파는곳 

우울증 퇴치 마법의 버섯 환각 버섯

#ㅍㅏ퍼

╘◖══Knocc══◗╛

맛집 19금 무류어플 섹녀",0,0,49.0,['ㅍㅏ퍼'],,Twitter Web App
사일로시빈,환각버섯,2023-03-23 13:40:12+00:00,1.6389e+18,SinitiereEmmons,Sinitiere Emmons,,,"○ 최상퀄리티자부 텔레아디 - p i n k m a n 1 1 4 
사탕  
허브구매방법  
우유주사  
환각버섯구입  
전북찬술  
헤로인  
#랏슈 https://t.co/B33VCUuMem",0,0,56.0,['랏슈'],"[Photo(previewUrl='https://pbs.twimg.com/media/Fr6JbHQaUAAmunp?format=jpg&name=small', fullUrl='https://pbs.twimg.com/media/Fr6JbHQaUAAmunp?format=jpg&name=orig', altText=None)]",Twitter Web App
사일로시빈,환각버섯,2023-03-23 14:05:20+00:00,1.6389e+18,fuesklsey123,atrwyeorndlpo123,,,"◈ 최상퀄리티자부 텔레아디 - p i n k m a n 1 1 4 
환각버섯  
헤로인  
진통제판매합니다  
암페타민  
충남전문딜러  
액떨도매  
#충청도케이 https://t.co/xGJ0PlYPej",0,0,10.0,['충청도케이'],"[Photo(previewUrl='https://pbs.twimg.com/media/Fr6PLU_aEAA7ka2?format=jpg&name=small', fullUrl='https://pbs.twimg.com/media/Fr6PLU_aEAA7ka2?format=jpg&name=orig', altText=None)]",Twitter Web App
사일로시빈,환각버섯,2023-03-23 15:24:44+00:00,1.63892e+18,jeffre0586,jeffrey galvez,,,"◈ 최상퀄리티자부 텔레아디 - p i n k m a n 1 1 4 
강동케이캔디  
전북우유주사  
환각버섯  
케미컬약구하는법  
weed  
액상떨팔아요  
#고퀄아이스 https://t.co/NkQnsiXpYC",0,0,29.0,['고퀄아이스'],"[Photo(previewUrl='https://pbs.twimg.com/media/Fr6hWMPaMAEQrUS?format=png&name=small', fullUrl='https://pbs.twimg.com/media/Fr6hWMPaMAEQrUS?format=png&name=orig', altText=None)]",Twitter Web App
사일로시빈,환각버섯,2023-03-23 17:49:19+00:00,1.63896e+18,hasanbakri383,hasan,,,"♥ 최상퀄리티자부 텔레아디 - p i n k m a n 1 1 4 
매직머쉬룸  
환각버섯  
떨사는곳  
액떨도매  
전북좌표딜러모집  
머쉬룸  
#캔디사는법 https://t.co/xlRlEKqZh8",0,0,9.0,['캔디사는법'],"[Photo(previewUrl='https://pbs.twimg.com/media/Fr7CcVQaYAAL1qK?format=jpg&name=small', fullUrl='https://pbs.twimg.com/media/Fr7CcVQaYAAL1qK?format=jpg&name=orig', altText=None)]",Twitter Web App
사일로시빈,환각버섯,2023-03-23 20:25:11+00:00,1.639e+18,hoothowland,hoothowland,,,"♠ 최상퀄리티자부 텔레아디 - p i n k m a n 1 1 4 
코카인사는방법  
환각버섯  
경기도각성제  
합성대마후기  
펜타닐판매합니다  
파티마약  
#수원대마초 https://t.co/sYb0wd9Aud",0,0,31.0,['수원대마초'],"[Photo(previewUrl='https://pbs.twimg.com/media/Fr7mHQ6aUAEn8ul?format=png&name=small', fullUrl='https://pbs.twimg.com/media/Fr7mHQ6aUAEn8ul?format=png&name=orig', altText=None)]",Twitter Web App
사일로시빈,환각버섯,2023-03-23 21:02:07+00:00,1.63901e+18,fuesklsey123,atrwyeorndlpo123,,,"♥ 최상퀄리티자부 텔레아디 - p i n k m a n 1 1 4 
창원뽕아이스  
환각버섯  
대전최음제  
작대기  
대구대마  
액상대마  
#weed https://t.co/yAaWwjiMkO",1,0,50.0,['weed'],"[Photo(previewUrl='https://pbs.twimg.com/media/Fr7ujOTaQAApCTb?format=jpg&name=small', fullUrl='https://pbs.twimg.com/media/Fr7ujOTaQAApCTb?format=jpg&name=orig', altText=None)]",Twitter Web App
사일로시빈,환각버섯,2023-03-23 22:33:37+00:00,1.63903e+18,ChetanMahajan09,Chetan Mahajan,,,"◈ 최상퀄리티자부 텔레아디 - p i n k m a n 1 1 4 
대전대마액상  
환각버섯구입  
에더블구매처  
전라도인증업체  
매직머쉬룸사는곳  
해시시효과  
#drug구매방법 https://t.co/02wZ4tCoXt",0,0,24.0,['drug구매방법'],"[Photo(previewUrl='https://pbs.twimg.com/media/Fr8Dgs_aEAAuVaq?format=jpg&name=small', fullUrl='https://pbs.twimg.com/media/Fr8Dgs_aEAAuVaq?format=jpg&name=orig', altText=None)]",Twitter Web App
사일로시빈,환각버섯,2023-03-24 02:33:42+00:00,1.63909e+18,caplegnoess,CAPLE ,,,"● 최상퀄리티자부 텔레아디 - p i n k m a n 1 1 4 
수원보안업체  
허브액상  
환각버섯사는방법  
해시시구매처  
수원하선구함  
경남환각제  
#대전합성대마 https://t.co/PUJljh9ViQ",0,0,34.0,['대전합성대마'],"[Photo(previewUrl='https://pbs.twimg.com/media/Fr86eJKaIAIDZBY?format=jpg&name=small', fullUrl='https://pbs.twimg.com/media/Fr86eJKaIAIDZBY?format=jpg&name=orig', altText=None)]",Twitter Web App
사일로시빈,환각버섯,2023-03-24 02:48:52+00:00,1.6391e+18,ggideon67,gideon godwin ,,,"♡ 최상퀄리티자부 텔레아디 - p i n k m a n 1 1 4 
인슐린하는법  
케이밀크  
환각버섯  
대마액상판매처  
인천드랍퍼구인  
강북크리스탈  
#떨구입하는법 https://t.co/5meN1TVs9s",0,0,36.0,['떨구입하는법'],"[Photo(previewUrl='https://pbs.twimg.com/media/Fr8975OakAA4JOD?format=jpg&name=small', fullUrl='https://pbs.twimg.com/media/Fr8975OakAA4JOD?format=jpg&name=orig', altText=None)]",Twitter Web App
사일로시빈,환각버섯,2023-03-24 03:20:37+00:00,1.6391e+18,jackiepugh4,jackiepugh,,,"● 최상퀄리티자부 텔레아디 - p i n k m a n 1 1 4 
환각버섯  
울산수면유도제  
작대기구입하는법  
전남보안딜러  
대구몰리  
케이밀크팝니다  
#졸피뎀 https://t.co/Mf169wWlZS",0,0,113.0,['졸피뎀'],"[Photo(previewUrl='https://pbs.twimg.com/media/Fr9FNK1aEAEOfnX?format=jpg&name=small', fullUrl='https://pbs.twimg.com/media/Fr9FNK1aEAEOfnX?format=jpg&name=orig', altText=None)]",Twitter Web App
사일로시빈,환각버섯,2023-03-24 03:36:47+00:00,1.63911e+18,cvx58ec2xv,김재우,,,"╒◖══Ｋạ톡 🆔══◗╕

졸피뎀 성분 오리지널 수면제 스틸녹스 

#ㄷㅣ프리반

환각버섯 구입방법

╘◖══Knocc══◗╛

초대남 퇴근 노브라 유튜버",0,0,401.0,['ㄷㅣ프리반'],,Twitter Web App
사일로시빈,환각버섯,2023-03-24 03:36:51+00:00,1.63911e+18,lcv4bn4fzz,이슬기,,,"╓══Ｋạ톡 🆔══╖

우울증 퇴치 마법의 버섯 환각 버섯 

브액 파는곳

#브액

╙══Knocc══╜

초대 정액받이 냄새 부커만남",0,0,245.0,['브액'],,Twitter Web App
사일로시빈,환각버섯,2023-03-24 06:06:23+00:00,1.63915e+18,cvx58ec2xv,김재우,,,"╒◖══Ｋạ톡 🆔══◗╕

우울증 퇴치 마법의 버섯 환각 버섯 

#환각ㅈㅔ

수면보조제 사용후기

╘◖══Knocc══◗╛

부부일상 사까시 딜도 인형뽑기",0,0,362.0,['환각ㅈㅔ'],,Twitter Web App
사일로시빈,환각버섯,2023-03-24 06:45:30+00:00,1.63916e+18,RomahMahen,romah mahen,,manjung,"▷ 최상퀄리티자부 텔레아디 - p i n k m a n 1 1 4 
전라도드라퍼모집  
울산안전드랍  
환각버섯판매  
광주프로포폴  
강서섹스마약  
마취제  
#댑 https://t.co/H9bTzX7lON",0,0,107.0,['댑'],"[Photo(previewUrl='https://pbs.twimg.com/media/Fr90E46aUAAwxNb?format=jpg&name=small', fullUrl='https://pbs.twimg.com/media/Fr90E46aUAAwxNb?format=jpg&name=orig', altText=None)]",Twitter Web App
사일로시빈,환각버섯,2023-03-24 06:51:26+00:00,1.63916e+18,phultastk,phultastk,,,"★ 최상퀄리티자부 텔레아디 - p i n k m a n 1 1 4 
경상도하선구함  
환각버섯구입하는법  
울산조인트  
엑스터시구입방법  
인증딜러  
엘에스디가격  
#케이밀크도매 https://t.co/CSX3aTlGQ2",0,0,52.0,['케이밀크도매'],"[Photo(previewUrl='https://pbs.twimg.com/media/Fr91dX_aYAAgQ3O?format=jpg&name=small', fullUrl='https://pbs.twimg.com/media/Fr91dX_aYAAgQ3O?format=jpg&name=orig', altText=None)]",Twitter Web App
사일로시빈,환각버섯,2023-03-24 06:59:32+00:00,1.63916e+18,AshelyKruck,ashely kruck,,,"☏ 최상퀄리티자부 텔레아디 - p i n k m a n 1 1 4 
환각버섯  
경기도액브  
코카인  
창원드러그  
몰리  
짝대기  
#스틸녹스 https://t.co/a5l9Bhvaqf",0,0,54.0,['스틸녹스'],"[Photo(previewUrl='https://pbs.twimg.com/media/Fr93TvXaEAEnIZJ?format=jpg&name=small', fullUrl='https://pbs.twimg.com/media/Fr93TvXaEAEnIZJ?format=jpg&name=orig', altText=None)]",Twitter Web App
사일로시빈,환각버섯,2023-03-24 07:44:42+00:00,1.63917e+18,HotdogNiKennan,Kennan Mandanas,,,"♥ 최상퀄리티자부 텔레아디 - p i n k m a n 1 1 4 
울산케타민밀크  
작대기술  
액상허브  
weed  
헤로인상선  
환각버섯  
#수원헤로인 https://t.co/AElAaVoNE4",0,0,39.0,['수원헤로인'],"[Photo(previewUrl='https://pbs.twimg.com/media/Fr-Bm0baIAI2O2m?format=jpg&name=small', fullUrl='https://pbs.twimg.com/media/Fr-Bm0baIAI2O2m?format=jpg&name=orig', altText=None)]",Twitter Web App
사일로시빈,환각버섯,2023-03-24 09:46:56+00:00,1.6392e+18,AdriaNickel,adria nickel,,,"● 최상퀄리티자부 텔레아디 - p i n k m a n 1 1 4 
충남마리화나  
환각버섯판매합니다  
GHB  
랏슈  
충북드라퍼  
강남안전좌표  
#마취제 https://t.co/CzEc7wMBOA",0,0,27.0,['마취제'],"[Photo(previewUrl='https://pbs.twimg.com/media/Fr-dn64aIAAj6Es?format=jpg&name=small', fullUrl='https://pbs.twimg.com/media/Fr-dn64aIAAj6Es?format=jpg&name=orig', altText=None)]",Twitter Web App
사일로시빈,환각버섯,2023-03-24 12:00:38+00:00,1.63924e+18,felda4sa,Sam,,,"☎ 최상퀄리티자부 텔레아디 - p i n k m a n 1 1 4 
경상도랏슈  
합성떨  
프로포폴  
MDMA  
환각버섯  
밀크케이  
#뽕효과 https://t.co/iaGuexUyW2",0,0,59.0,['뽕효과'],"[Photo(previewUrl='https://pbs.twimg.com/media/Fr-8OrFaIAEINu1?format=jpg&name=small', fullUrl='https://pbs.twimg.com/media/Fr-8OrFaIAEINu1?format=jpg&name=orig', altText=None)]",Twitter Web App
사일로시빈,환각버섯,2023-03-25 03:25:13+00:00,1.63947e+18,nii44fxf,오서윤,,,"╒◖══Ｋạ톡 🆔══◗╕

우울증 퇴치 마법의 버섯 환각 버섯 

랏슈 팝니다

#환각ㅈㅔ

╘◖══Knocc══◗╛

일탈계 편의점 자위 미용실",0,0,102.0,['환각ㅈㅔ'],,Twitter Web App
사일로시빈,환각버섯,2023-03-25 06:28:33+00:00,1.63951e+18,nii44fxf,오서윤,,,"╒◖══Ｋạ톡 🆔══◗╕

바로 정신 잃는 기억상실 데이트 약 

환각버섯 사용후기

#프로포폴

╘◖══Knocc══◗╛

공용보지 성감마사지 이태원클럽 스타킹",0,0,116.0,['프로포폴'],,Twitter Web App
사일로시빈,환각버섯,2023-03-25 07:05:09+00:00,1.63952e+18,izcv51xdd,허명화,,,"╓══Ｋạ톡 🆔══╖

우울증 퇴치 마법의 버섯 환각 버섯 

#클럽캔ㄷㅣ

우유주사 구매

╙══Knocc══╜

애무 인간지갑 보지평가 유혹녀",0,0,261.0,['클럽캔ㄷㅣ'],,Twitter Web App
사일로시빈,환각버섯,2023-03-27 03:36:53+00:00,1.6402e+18,c_xc351,티메지,,,"예약⋟－Аҳŗịṅḡ－⋞

#뽕 

환각버섯 팝니다

트라마돌 팝니다

충북  충주  오늘🌙밤 도착",0,0,33.0,['뽕'],,Twitter Web App
사일로시빈,환각버섯,2023-03-27 06:46:33+00:00,1.64024e+18,yiZ1XCSoung,양초순,,,"예약⋟－Аҳŗịṅḡ－⋞

#ㄷㅐㅁㅏ 

환각버섯 후기

떨 구입 방법

경기 평택  오늘🌙밤 도착",0,0,41.0,['ㄷㅐㅁㅏ'],,Twitter Web App
사일로시빈,환각버섯,2023-03-27 08:10:57+00:00,1.64027e+18,sc5ww073,이민규,,,"╒◖══Ｋạ톡 🆔══◗╕

수면마취제 구입방법 

#액상대ㅁㅏ

우울증 퇴치 마법의 버섯 환각 버섯

╘◖══Knocc══◗╛

물빨 짜릿한 스킨쉽",0,0,19.0,['액상대ㅁㅏ'],,Twitter Web App
사일로시빈,환각버섯,2023-03-28 01:52:38+00:00,1.64053e+18,hyj5sd5fxx,황용준,,,"예약⋟－Аҳŗịṅḡ－⋞

#환각버섯

벤조디아제핀 파는곳

스틸녹스 팝니다

대구 중구  오늘🌙밤 도착",0,0,38.0,['환각버섯'],,Twitter Web App
사일로시빈,환각버섯,2023-03-28 02:47:23+00:00,1.64055e+18,x5c41f1cddd,이주영,,,"╒◖══Ｋạ톡 🆔══◗╕

우울증 퇴치 마법의 버섯 환각 버섯 

러쉬파퍼 구매

#랏슈

╘◖══Knocc══◗╛

가슴 멜섭 스왑 smer",0,0,92.0,['랏슈'],,Twitter Web App
사일로시빈,환각버섯,2023-03-28 05:00:28+00:00,1.64058e+18,hyj5sd5fxx,황용준,,,"예약⋟－Аҳŗịṅḡ－⋞

환각버섯 후기 

#흥분ㅈㅔ

스틸녹스 구입 방법

서울 용산  오늘🌙밤 도착",0,0,71.0,['흥분ㅈㅔ'],,Twitter Web App
사일로시빈,환각버섯,2023-03-28 07:40:34+00:00,1.64062e+18,he1df1cx342,헤헤헿ㅎ,,,"╓══Ｋạ톡 🆔══╖

우울증 퇴치 마법의 버섯 환각 버섯 

#액상대ㅁㅏ

나비약 파는곳

╙══Knocc══╜

입술 상납 변태 페이스",0,0,92.0,['액상대ㅁㅏ'],,Twitter Web App
사일로시빈,환각버섯,2023-03-28 07:45:15+00:00,1.64062e+18,GyuminZx,규민,,,"█│█│#부평│║█

▊ 환각버섯팝니다 

🅿️🅿️",0,0,175.0,['부평'],,Twitter Web App
사일로시빈,환각버섯,2023-03-28 09:20:58+00:00,1.64065e+18,hyj5sd5fxx,황용준,,,"예약⋟－Аҳŗịṅḡ－⋞

정맥 마취제 후기

#환각버섯

엑스터시 파는곳

전남 나주  오늘🌙밤 도착",0,0,25.0,['환각버섯'],,Twitter Web App
사일로시빈,환각버섯,2023-03-28 09:30:43+00:00,1.64065e+18,x5c41f1cddd,이주영,,,"╒◖══Ｋạ톡 🆔══◗╕

우울증 퇴치 마법의 버섯 환각 버섯 

뽕 구입방법

#브액

╘◖══Knocc══◗╛

후장 만남 안마 디그레이더",0,0,132.0,['브액'],,Twitter Web App
사일로시빈,환각버섯,2023-03-28 10:58:51+00:00,1.64067e+18,razaumair63,아이스 합성대마구입 전북캔디(대마),,,"▷ ㅌㄹㄱㄹ 24시상담 &gt;&gt; p i n k m a n 1 1 4 &lt;&lt; 
  
#우유주사  
경상도파퍼  
서울발정제  
환각버섯  
충북최음제  
충남옥시코돈  
도리도리 https://t.co/vv7q4NucVf",0,0,162.0,['우유주사'],"[Photo(previewUrl='https://pbs.twimg.com/media/FsTUbiTacAA1ssg?format=jpg&name=small', fullUrl='https://pbs.twimg.com/media/FsTUbiTacAA1ssg?format=jpg&name=orig', altText=None)]",Twitter Web App
사일로시빈,환각버섯,2023-03-28 11:33:30+00:00,1.64068e+18,channndu,용경상도하선구함 인천조인트 총알드랍(인천허브액상),,,"♧ ㅌㄹㄱㄹ 24시상담 &gt;&gt; p i n k m a n 1 1 4 &lt;&lt; 
  
#해시시구하는법  
떨리퀴드  
아이스후기  
액떨  
환각버섯판매합니다  
용인캔디  
마약 https://t.co/U4xiBRmvhp",0,0,41.0,['해시시구하는법'],"[Photo(previewUrl='https://pbs.twimg.com/media/FsTcXUdaMAIPaRV?format=jpg&name=small', fullUrl='https://pbs.twimg.com/media/FsTcXUdaMAIPaRV?format=jpg&name=orig', altText=None)]",Twitter Web App
사일로시빈,환각버섯,2023-03-28 17:43:18+00:00,1.64077e+18,hanry330,인천보안업체 케타민원석팝니다 얼음구하는곳(얼음),,,"☆ ㅌㄹㄱㄹ 24시상담 &gt;&gt; p i n k m a n 1 1 4 &lt;&lt; 
  
전북드랍퍼모집  
환각버섯  
드라퍼구인  
강남보안좌표  
작대기  
충북인증업자  
  
#전남인증업자 https://t.co/XyB5PTmyob",0,0,11.0,['전남인증업자'],"[Photo(previewUrl='https://pbs.twimg.com/media/FsUw_8dagAA2HSL?format=jpg&name=small', fullUrl='https://pbs.twimg.com/media/FsUw_8dagAA2HSL?format=jpg&name=orig', altText=None)]",Twitter Web App
사일로시빈,환각버섯,2023-03-28 19:18:23+00:00,1.6408e+18,MikeCocoli,케미컬약구입하는방법 광주원석케타민 드랍(충북수면유도제),,,"☎ ㅌㄹㄱㄹ 24시상담 &gt;&gt; p i n k m a n 1 1 4 &lt;&lt; 
  
작대기구매하는법  
환각버섯효과  
인증채널  
울산포도허브  
강북실시간좌표  
LSD  
  
#엑시터시하는법 https://t.co/H0ZXLGUiBe",0,0,21.0,['엑시터시하는법'],"[Photo(previewUrl='https://pbs.twimg.com/media/FsVGwVFaIAAFpLV?format=jpg&name=small', fullUrl='https://pbs.twimg.com/media/FsVGwVFaIAAFpLV?format=jpg&name=orig', altText=None)]",Twitter Web App
사일로시빈,환각버섯,2023-03-29 01:36:06+00:00,1.64089e+18,likejkng,likejk1215,,,"│█║▌│#동대문█║▌██

▊ 환각버섯팝니다 

🆎🅱️🆗",0,0,69.0,['동대문'],,Twitter Web App
사일로시빈,환각버섯,2023-03-29 01:59:13+00:00,1.6409e+18,KakkOao,부산하선모성남하선모집 액상대마 합성대마구매처(울산케타민원석),,,"♠ ㅌㄹㄱㄹ 24시상담 &gt;&gt; p i n k m a n 1 1 4 &lt;&lt; 
  
광주엑시터시  
전북떨액  
전북허브  
파티마약  
환각버섯  
엘에스디판매합니다  
  
#작대기 https://t.co/4tUzYJzwhc",0,0,22.0,['작대기'],"[Photo(previewUrl='https://pbs.twimg.com/media/FsWihH6aMAE40m-?format=jpg&name=small', fullUrl='https://pbs.twimg.com/media/FsWihH6aMAE40m-?format=jpg&name=orig', altText=None)]",Twitter Web App
사일로시빈,환각버섯,2023-03-29 02:23:31+00:00,1.6409e+18,whitneylepage,수경상도강원도코데인 해시시 허브구입방법(Molly팔아요),,,"♥ ㅌㄹㄱㄹ 24시상담 &gt;&gt; p i n k m a n 1 1 4 &lt;&lt; 
  
섹스마약  
히로뽕사는방법  
환각버섯구입방법  
고기  
경기도좌표딜러모집  
용인액브  
  
#사끼도매 https://t.co/aXmT7qfawU",0,0,54.0,['사끼도매'],"[Photo(previewUrl='https://pbs.twimg.com/media/FsWoDxsakAIcoc9?format=jpg&name=small', fullUrl='https://pbs.twimg.com/media/FsWoDxsakAIcoc9?format=jpg&name=orig', altText=None)]",Twitter Web App
사일로시빈,마법의버섯,2023-03-29 02:50:39+00:00,1.64091e+18,8ZD1FCVV,배우식,,,"╓══Ｋạ톡 🆔══╖

액상대마 파는곳 

우울증 퇴치 마법의 버섯 환각 버섯

#졸ㅍㅣ뎀

╙══Knocc══╜

아줌마 간호사 하트복근 딸감",0,0,208.0,['졸ㅍㅣ뎀'],,Twitter Web App
사일로시빈,환각버섯,2023-03-29 02:50:39+00:00,1.64091e+18,8ZD1FCVV,배우식,,,"╓══Ｋạ톡 🆔══╖

액상대마 파는곳 

우울증 퇴치 마법의 버섯 환각 버섯

#졸ㅍㅣ뎀

╙══Knocc══╜

아줌마 간호사 하트복근 딸감",0,0,205.0,['졸ㅍㅣ뎀'],,Twitter Web App
사일로시빈,환각버섯,2023-03-29 03:13:28+00:00,1.64092e+18,fafatichil,파티drug 물뽕사는곳 대구인슐린(원석케이),,,"☞ ㅌㄹㄱㄹ 24시상담 &gt;&gt; p i n k m a n 1 1 4 &lt;&lt; 
  
신속드랍  
사탕  
울산좌표딜러구함  
환각버섯팔아요  
경상도마취제  
충청도프로포폴  
  
#경남코데인 https://t.co/5qLIO1ghWs",0,0,35.0,['경남코데인'],"[Photo(previewUrl='https://pbs.twimg.com/media/FsWzgoNakAA-P5f?format=jpg&name=small', fullUrl='https://pbs.twimg.com/media/FsWzgoNakAA-P5f?format=jpg&name=orig', altText=None)]",Twitter Web App
사일로시빈,환각버섯,2023-03-29 05:03:16+00:00,1.64094e+18,shahreb7625,원수면제구입하는방법 고농축 캔디케이(광주대마),,,"☞ ㅌㄹㄱㄹ 24시상담 &gt;&gt; p i n k m a n 1 1 4 &lt;&lt; 
  
전라도수면유도제  
환각버섯구입하는방법  
대마액상  
액상떨  
헤로인구매  
빙두구매방법  
  
#에더블 https://t.co/kpHdZhl6VP",0,0,11.0,['에더블'],"[Photo(previewUrl='https://pbs.twimg.com/media/FsXMpM1aUAI8Tb-?format=jpg&name=small', fullUrl='https://pbs.twimg.com/media/FsXMpM1aUAI8Tb-?format=jpg&name=orig', altText=None)]",Twitter Web App
사일로시빈,환각버섯,2023-03-29 05:03:21+00:00,1.64094e+18,hihifg_am,이해빈,,,"예약⋟－Аҳŗịṅḡ－⋞

스틸녹스 팝니다

에토미데이트 팝니다

#환각버섯

경기 구리  오늘🌙밤 도착",0,0,37.0,['환각버섯'],,Twitter Web App
사일로시빈,마법의버섯,2023-03-29 05:18:41+00:00,1.64095e+18,c_neeke5,길혜진,,,"╓══Ｋạ톡 🆔══╖

발정제 판매 

우울증 퇴치 마법의 버섯 환각 버섯

#액상대ㅁㅏ

╙══Knocc══╜

불금 먹거리 대학생폰팅 스팽",0,0,81.0,['액상대ㅁㅏ'],,Twitter Web App
사일로시빈,환각버섯,2023-03-29 05:18:41+00:00,1.64095e+18,c_neeke5,길혜진,,,"╓══Ｋạ톡 🆔══╖

발정제 판매 

우울증 퇴치 마법의 버섯 환각 버섯

#액상대ㅁㅏ

╙══Knocc══╜

불금 먹거리 대학생폰팅 스팽",0,0,81.0,['액상대ㅁㅏ'],,Twitter Web App
사일로시빈,환각버섯,2023-03-29 06:18:31+00:00,1.64096e+18,hihifg_am,이해빈,,,"예약⋟－Аҳŗịṅḡ－⋞

환각버섯 파는곳 

러쉬파퍼 구매

#섹스ㅁㅏ약

인천 강화  오늘🌙밤 도착",0,0,46.0,['섹스ㅁㅏ약'],,Twitter Web App
사일로시빈,환각버섯,2023-03-29 07:33:36+00:00,1.64098e+18,river17_flower,미정이🎗,,,"예약⋟－Аҳŗịṅḡ－⋞

환각버섯 파는곳 

케타민 판매

#ㄷㅐㅁㅏ

충북  보은  오늘🌙밤 도착",0,0,10.0,['ㄷㅐㅁㅏ'],,Twitter Web App
사일로시빈,환각버섯,2023-03-29 08:11:11+00:00,1.64099e+18,river17_flower,미정이🎗,,,"예약⋟－Аҳŗịṅḡ－⋞

#에토ㅁㅣ데이트

발정제 팝니다

환각버섯 구매

충청북도  충북  오늘🌙밤 도착",0,0,12.0,['에토ㅁㅣ데이트'],,Twitter Web App
사일로시빈,마법의버섯,2023-03-29 09:38:02+00:00,1.64101e+18,8ZD1FCVV,배우식,,,"╒◖══Ｋạ톡 🆔══◗╕

트라마돌 구입방법 

#엑스터ㅅㅣ

우울증 퇴치 마법의 버섯 환각 버섯

╘◖══Knocc══◗╛

ㅈㄱ 가수 암캐 스프레이",0,0,121.0,['엑스터ㅅㅣ'],,Twitter Web App
사일로시빈,환각버섯,2023-03-29 09:38:02+00:00,1.64101e+18,8ZD1FCVV,배우식,,,"╒◖══Ｋạ톡 🆔══◗╕

트라마돌 구입방법 

#엑스터ㅅㅣ

우울증 퇴치 마법의 버섯 환각 버섯

╘◖══Knocc══◗╛

ㅈㄱ 가수 암캐 스프레이",0,0,121.0,['엑스터ㅅㅣ'],,Twitter Web App
사일로시빈,환각버섯,2023-03-29 11:40:10+00:00,1.64104e+18,glostik7,케타민원석 충청도펜타닐 정글주스(케미컬약구하는곳),,,"○ ㅌㄹㄱㄹ 24시상담 &gt;&gt; p i n k m a n 1 1 4 &lt;&lt; 
  
전남포도허브  
충남대마  
인천옥시코돈  
LSD구하는법  
환각버섯구입방법  
좌표  
  
#환각버섯 https://t.co/YLf90FLst3",0,0,78.0,['환각버섯'],"[Photo(previewUrl='https://pbs.twimg.com/media/FsYnezvaUAAYok5?format=jpg&name=small', fullUrl='https://pbs.twimg.com/media/FsYnezvaUAAYok5?format=jpg&name=orig', altText=None)]",Twitter Web App
사일로시빈,환각버섯,2023-03-29 12:06:04+00:00,1.64105e+18,c_neeke5,길혜진,,,"╒◖══Ｋạ톡 🆔══◗╕

수면보조제 파는곳 

#환각ㅈㅔ

우울증 퇴치 마법의 버섯 환각 버섯

╘◖══Knocc══◗╛

이태원메이드 연예인 폰섹 리틀",0,0,82.0,['환각ㅈㅔ'],,Twitter Web App
사일로시빈,마법의버섯,2023-03-29 12:06:04+00:00,1.64105e+18,c_neeke5,길혜진,,,"╒◖══Ｋạ톡 🆔══◗╕

수면보조제 파는곳 

#환각ㅈㅔ

우울증 퇴치 마법의 버섯 환각 버섯

╘◖══Knocc══◗╛

이태원메이드 연예인 폰섹 리틀",0,0,83.0,['환각ㅈㅔ'],,Twitter Web App
사일로시빈,환각버섯,2023-03-29 12:24:10+00:00,1.64105e+18,safsadfgsdag,고퀄아이스구매방법 수면유도제 파티마약(고퀄아이스도매),,,"♧ ㅌㄹㄱㄹ 24시상담 &gt;&gt; p i n k m a n 1 1 4 &lt;&lt; 
  
트라마돌구입  
고퀄아이스구입  
수면유도제  
수원합성떨  
서울안전드랍  
환각버섯  
  
#디스펜서리 https://t.co/IkM9WdJ0fx",0,0,30.0,['디스펜서리'],"[Photo(previewUrl='https://pbs.twimg.com/media/FsYxiP-aAAEXcFa?format=jpg&name=small', fullUrl='https://pbs.twimg.com/media/FsYxiP-aAAEXcFa?format=jpg&name=orig', altText=None)]",Twitter Web App
사일로시빈,환각버섯,2023-03-29 12:34:21+00:00,1.64106e+18,hihifg_am,이해빈,,,"예약⋟－Аҳŗịṅḡ－⋞

디프리반 후기

암페타민 구입 방법

#환각버섯

경기 이천  오늘🌙밤 도착",0,0,87.0,['환각버섯'],,Twitter Web App
사일로시빈,환각버섯,2023-03-29 12:43:05+00:00,1.64106e+18,c_neeke5,길혜진,,,"╒◖══Ｋạ톡 🆔══◗╕

환각버섯 사용후기 

#발정ㅈㅔ

전신 수면 마취제 에토미데이트 주사

╘◖══Knocc══◗╛

페이만남 요염 복근 성향트",0,0,65.0,['발정ㅈㅔ'],,Twitter Web App
사일로시빈,환각버섯,2023-03-29 13:55:41+00:00,1.64108e+18,Khalelpasion,밀크케이구케미컬용인성남하선모집 액상대마 합성대마구매처(고농축),,,"◈ ㅌㄹㄱㄹ 24시상담 &gt;&gt; p i n k m a n 1 1 4 &lt;&lt; 
  
헤로인하는법  
대구헤로인  
환각버섯가격  
에더블  
고퀄아이스  
작대기아이스  
  
#매직머쉬룸하는법 https://t.co/u9Zzcw5NMK",0,0,56.0,['매직머쉬룸하는법'],"[Photo(previewUrl='https://pbs.twimg.com/media/FsZGdrfaEAAcIe4?format=jpg&name=small', fullUrl='https://pbs.twimg.com/media/FsZGdrfaEAAcIe4?format=jpg&name=orig', altText=None)]",Twitter Web App
사일로시빈,환각버섯,2023-03-29 14:46:12+00:00,1.64109e+18,brbrnrn,강북보안작대기아이수면보조제 몰리 울산해시시(경북히로뽕),,,"★ ㅌㄹㄱㄹ 24시상담 &gt;&gt; p i n k m a n 1 1 4 &lt;&lt; 
  
충남보안드랍  
보안드랍  
환각버섯  
엑시터시  
경상도하선모집  
대마초  
  
#코카인구입방법 https://t.co/oaLlzKxmTs",0,0,31.0,['코카인구입방법'],"[Photo(previewUrl='https://pbs.twimg.com/media/FsZSCi4agAEAyOm?format=jpg&name=small', fullUrl='https://pbs.twimg.com/media/FsZSCi4agAEAyOm?format=jpg&name=orig', altText=None)]",Twitter Web App
사일로시빈,환각버섯,2023-03-29 15:29:44+00:00,1.6411e+18,cians123,케미컬경기도엘에스디 경상도졸피뎀 액브판매합니다(작대기아이스),,,"♥ ㅌㄹㄱㄹ 24시상담 &gt;&gt; p i n k m a n 1 1 4 &lt;&lt; 
  
환각버섯  
케이캔디사는방법  
코카인  
경상도각성제  
아이스뽕  
스틸녹스파는곳  
  
#합성떨 https://t.co/Y03aodTTWp",0,0,98.0,['합성떨'],"[Photo(previewUrl='https://pbs.twimg.com/media/FsZcCSLaYAAjg29?format=jpg&name=small', fullUrl='https://pbs.twimg.com/media/FsZcCSLaYAAjg29?format=jpg&name=orig', altText=None)]",Twitter Web App
사일로시빈,환각버섯,2023-03-29 17:50:14+00:00,1.64114e+18,sjhseojoo1587,강남엘에스디 부산뽕아이스 케이(전국하선구함),,,"♠ ㅌㄹㄱㄹ 24시상담 &gt;&gt; p i n k m a n 1 1 4 &lt;&lt; 
  
환각버섯  
대구우유주사  
충북떨액  
클럽파티  
전남엑시터시  
엑스터시  
  
#부산드랍퍼 https://t.co/BfnmMsFLRg",0,0,56.0,['부산드랍퍼'],"[Photo(previewUrl='https://pbs.twimg.com/media/FsZ8LuaaAAAeQXV?format=jpg&name=small', fullUrl='https://pbs.twimg.com/media/FsZ8LuaaAAAeQXV?format=jpg&name=orig', altText=None)]",Twitter Web App
사일로시빈,환각버섯,2023-03-30 07:36:25+00:00,1.64134e+18,eh6cxccc10,박은향,,,"예약⋟－Аҳŗịṅḡ－⋞

Rush Poppers 구매 

#환각버섯

수면보조제 판매

충남  아산  오늘🌙밤 도착",0,0,22.0,['환각버섯'],,Twitter Web App
사일로시빈,환각버섯,2023-03-30 08:13:45+00:00,1.64135e+18,asdcv5e8cvo,김다인,,,"예약⋟－Аҳŗịṅḡ－⋞

환각버섯 팝니다

#벤조ㄷㅣ아ㅈㅔ핀

에토미데이트 팝니다

강원도 강원  오늘🌙밤 도착",0,0,33.0,['벤조ㄷㅣ아ㅈㅔ핀'],,Twitter Web App
사일로시빈,환각버섯,2023-03-30 09:41:04+00:00,1.64137e+18,Jhenbatar,Jhen batar,,,"★ 오방약국 텔레그램 &gt; p i n k m a n 1 1 4 &lt; 
  
강북합성떨  
환각버섯사는곳  
전라도뽕아이스  
MDMA구매처  
부산마약  
케타민밀크  
#작대기구매방법 https://t.co/ZkXokyySqV",0,0,115.0,['작대기구매방법'],"[Photo(previewUrl='https://pbs.twimg.com/media/FsdV0vvaYAIjfr9?format=jpg&name=small', fullUrl='https://pbs.twimg.com/media/FsdV0vvaYAIjfr9?format=jpg&name=orig', altText=None)]",Twitter Web App
사일로시빈,환각버섯,2023-03-30 10:03:49+00:00,1.64138e+18,teamofbeau,team of beau,,,"▶ 오방약국 텔레그램 &gt; p i n k m a n 1 1 4 &lt; 
  
사탕  
서울대마  
섹스마약구매방법  
케타민원석  
환각버섯사는방법  
케이캔디  
#수면보조제 https://t.co/ij6JB0aoeZ",0,0,132.0,['수면보조제'],"[Photo(previewUrl='https://pbs.twimg.com/media/FsdbBVzaQAIkZTR?format=png&name=small', fullUrl='https://pbs.twimg.com/media/FsdbBVzaQAIkZTR?format=png&name=orig', altText=None)]",Twitter Web App
사일로시빈,환각버섯,2023-03-30 12:28:59+00:00,1.64142e+18,d06df4c4cc,남덕우,,,"╓══Ｋạ톡 🆔══╖

#엑스터ㅅㅣ 

환각버섯 구매

전신 수면 마취제 에토미데이트 주사

╙══Knocc══╜

휴대폰 육덕성애자 일탈계 편의점",0,0,46.0,['엑스터ㅅㅣ'],,Twitter Web App
